categorie|marque|nom|nutritionGradeFr|ingredients|energie100g|graisse100g|sucres100g|fibres100g|proteines100g|sel100g|vitA100g|vitD100g|vitE100g|vitK100g|vitC100g|vitB1100g|vitB2100g|vitPP100g|vitB6100g|vitB9100g|vitB12100g|calcium100g|magnesium100g|iron100g|fer100g|betaCarotene100g|presenceHuilePalme|allergenes|additifs|
Additifs alimentaires|La Droguerie Écologique|Bicarbonate Soude Alimentaire|b|Bicarbonate de sodium : 99 % minimum.|0|0|0||0|0|||||||||||||||||0||E500 - Carbonates de sodium,E500ii - Carbonate acide de sodium|
Additifs alimentaires|La Patelière|Perles argentées|d|Sucre, amidon de riz et de maïs, sirop de glucose, arôme, colorant : argent.|1671|0.5|91.2||0.5|0.0001|||||||||||||||||0||E174 - Argent|
Additifs alimentaires|Laboratoires Vitarmonyl|Levure de bière Vitalité Beauté|a|Levure de bière; agent de charge : sorbitol ; vitamines : B3. B5. B12. B6. B2. B1. B9. B8 : anti-agglomérant : sels de magnésium d'acides gras.|1381|3.08|0|0|32.3|0||||||0.0011|0.0014|0.016|0.0014|0.0002|||||||0||E420 - Sorbitol,E420i - Sorbitol,E470b - Sels de magnésium d'acides gras|
Additifs alimentaires|Lagrange|Aromatisation pour yaourtière arôme vanille|d|Sucre, _lait_ écrémé en poudre, arôme naturel de vanille.|1660|0.1|91.1||5.4|0.2|||||||||||||||||0|lait||
Additifs alimentaires|Lesaffre|Levure Déshydratée|b|Levure sèche dite de boulanger, émulsifiant :monostearate|1632|8|0||50|0|||||||||||||||||0||E491 - Monostéarate de sorbitane|
Additifs alimentaires|Moulin des Moines,Naturaline|Levure de bière maltee|a|Levure de bière, malt d'_orge_.|1443|4.5|0|22.5|47|0.499999999999999|||||||||||||||||0|orge||
Additifs alimentaires|Priméal|Agar-agar|c|Agar-agar|823|0.1|0.4||1.1|0.25|||||||||||||||||0||E406 - Agar-agar|
Conserves|Carrefour|Mélange de 4 champignons|b|Champignons [Champignons de Paris17 %, Bolets jaunes17 %, Pleurotes11.5 %, Pholiotes11.5 %], eau, sel.|94|0.5|0|3.7|1.7|1|||||||||||||||||0|||
Conserves|Carrefour|Flageolets Extra fins|a|Flageolets verts extra-fins, eau, sel.|330|0.5|0.5|5.8|4.8|0.5|||||||||||||||||0|||
Conserves|Carrefour|Foie Gras de Canard Entier du Sud-Ouest|e|Foie gras de canard du Sud-Ouest, sel, poivres.|2241|56|0.9|0.5|7.5|1.3|||||||||||||||||0|||
Conserves|Carrefour|Petits pois extra fins|a|Petits pois extra-fins, eau, sucre, sel, arôme naturel|369|0|4.6|5.8|5.4|0.65|||||||||||||||||0|||
Conserves|Carrefour|Champignons de Paris|b|Champignons de Paris, eau, sel, acidifiant : acide citrique, antioxydant : acide ascorbique.|79|0|0.5|2.1|2.2|0.7|||||||||||||||||0||E300 - Acide ascorbique,E330 - Acide citrique|
Conserves|Carrefour|Petit salé traditionnel aux lentilles|a|Eau, viande de porc saumurée 32%, lentilles 19%, graisse de canard 4%, carottes 2.6%, oignons grelots 0.95%, concentré de tomate, sel, ail, poivre. Peut contenir des traces de gluten.|497|4.1|0.5|2.3|10|0.71|||||||||||||||||0|||
Conserves|Carrefour|Colombo de légumes|b|Légumes 63%, poivron rouge 5%), eau, ananas 9%, lait de coco 4%, sucre, double concentré de tomate 1.2%, huile de tournesol, mix colombo 1.1%, amidon modifié de maïs, sel|255|2.3|5.9|2.9|1|0.9|||||||||||||||||0|en:sulphur-dioxide-and-sulphites|E14XX - Amidons modifiés,E300 - Acide ascorbique,E330 - Acide citrique|
Conserves|Carrefour|Salsifis|a|Salsifis, eau, sel, acidifiant : acide citrique, antioxydant : acide ascorbique.|133|0.5|1.3|3.1|1|0.57|||||||||||||||||0||E300 - Acide ascorbique,E330 - Acide citrique|
Conserves|Carrefour|Haricots verts extra-fins coupés|a|Haricots verts extra-fins coupés, eau, sel.|109|0.4|0.8|2.8|1.6|0.8|||||||||||||||||0|||
Conserves|Carrefour|Foie gras de canard entier|e|Foie gras de canard halal, sel, poivre noir, conservateur : nitrite de sodium.|2241|56|0.9||7.5|1.3|||||||||||||||||0||E250 - Nitrite de sodium|
Conserves|Carrefour|Haricots verts Extra fins|a|Haricots verts extra-fins, eau, sel.|100|0.5|0.5|3.4|1.3|0.41|||||||||||||||||0|||
Conserves|Carrefour|Petits pois à l'étuvée extra fins|a|Petits pois, eau, sucre, sel, arôme naturel.|331|0.9|4.1|6.3|5.6|0.6858|||||||||||||||||0|||
Conserves|Carrefour|Panais des Pays de la Loire|a|Panais, eau, sel marin.|199|0.8|1.4|3.9|0.8|0.72|||||||||||||||||0|||
Conserves|Carrefour|Petits pois|a|Petits pois extra-fins, eau, sucre, sel, arôme naturel d'épices.|331|0.5|4.4|6|4.9|0.5|||||||||||||||||0|||
Conserves|Carrefour|Garniture 3 légumes Carrefour|a|Légumes : Petits pois très fins, carottes extra-fines, pommes de terre. Jus: Eau, sel, sucre, arôme naturel.|180|0.4|1.7|3|1.8|0.51|||||||||||||||||0|||
Conserves|Carrefour|Légumes Couscous|b|Légumes 57 %. Jus : eau, sel, purée de tomates double concentrée, amidon modifié de manioc, arôme naturel, colorant : extrait de paprika.|121|0.5|2.2|2.2|1.3|0.95|||||||||||||||||0|en:celery|E14XX - Amidons modifiés,E160c - Extrait de paprika|
Conserves|Carrefour|Rutabaga des Pays de la Loire|a|Rutabaga, eau, sel marin.|75|0.5|0.9|2.5|0.6|0.7|||||||||||||||||0|||
Conserves|Carrefour|Poires Williams|a|Poires Williams demi-fruits, eau, sucre, acidifiant : acide citrique.|253|0|12|1.9|0|0.02|||||||||||||||||0||E330 - Acide citrique|
Conserves|Carrefour|Champignons de paris entiers 1er choix|b|Champignons de Paris, eau, sel, acidifiant : acide citrique, antioxydant : acide ascorbique|79|0|0.5|2.1|2.2|0.699999999999999|||||||||||||||||0||E300 - Acide ascorbique,E330 - Acide citrique|
Conserves|Carrefour Bio, Carrefour|Haricots verts extra fins coupes|a|Haricots verts extra-fins coupés bio, eau, sel de mer|108|0|0.8|2.8|1.6|0.75|||||||||||||||||0|||
Conserves|Carrefour Bio,Carrefour|Pois chiches au sel de Noirmoutier|a|Pois chiches bio trempés, eau, sel de Noirmoutier.|531|3|0.5|6.9|5.8|0.6|||||||||||||||||0|||
Conserves|Carrefour Bio,Carrefour|Haricots blancs cuisinés|a|Haricots blancs trempés blanchis*, eau, carottes', oignons*, sel de Noirmoutier, ail*, thym*, laurier*. *Ingrédients issus de l'agriculture biologique.|293|0.8|0.7|4.6|5|0.69|||||||||||||||||0|||
Conserves|Carrefour Discount|Champignons de paris|b|Champignons de Paris, eau, sel, acidifiant : acide citrique, antioxygène : acide ascorbique.|79|0|0.5|2.1|2.2|0.7|||||||||||||||||0||E300 - Acide ascorbique,E330 - Acide citrique|
Conserves|Carrefour bio, Carrefour|Petits pois|a|Petits pois*, eau, sel de mer. *Issus de l'agriculture biologique.|340|0.9|2|5.4|5.5|0.6|||||||||||||||||0|||
Conserves|Carrefour,Carrefour Bio|Pousses de Haricots MungoBio|a|Pousses de haricots mungobio, eau, sucre bio, vinaigre d'alcool bio, sel, concentré de citron bio, antioxydant : acide ascorbique.|98|0.2|2|1.7|1.9|0.2794|||||||||||||||||0||E300 - Acide ascorbique|
Conserves|Casino|Oeufs de lompe noirs|c|_Oeufs de lompe_ 82 %, eau, sel, épaississant : gomme xanthane, conservateur : benzoate de sodium, acidifiant : acide citrique, colorants : E151 et E150d.|290|3.1|0||8.7|5.3086|||||||||||||||||0|Oeufs de lompe|E150d - Caramel au sulfite d'ammonium,E151 - Noir brillant BN,E211 - Benzoate de sodium,E330 - Acide citrique,E415 - Gomme xanthane|
Conserves|Casino|Pousses de haricot mungo 370ml|b|Pousses de haricot mungo - eau - vinaigre d'alcool - sucre - sel - jus de citron - affermissant : chlorure de calcium - antioxydant : acide ascorbique|99|0|2|1.7|1.3|0.51|||||||||||||||||0||E300 - Acide ascorbique,E509 - Chlorure de calcium|
Conserves|Casino|Champignons de Paris Pieds et Morceaux|a|Champignons de Paris - eau - sel - correcteur d'acidité: acide citrique|69|0|0|2.5|2.2|0.63|||||||||||||||||0||E330 - Acide citrique|
Conserves|Casino|Choucroute royale au vin blanc|c|Choucroute 46% - viande de porc traitée en salaison et précuite 13.5%- eau - saucisses  fumées 6.5%- saucisses pur porc fumées 6.5%  [viande de porc - eau - plasma de porc - sel - arôme_ - stabilisant : E451 - sirop de glucose déshydraté - conservateur E250 ] - saucisson fumé pur porc 5.5%- saindoux - vin blanc  IGP de la province de Paviecépage Riesling 1% - sel - antioxydant: E300 - arôme naturel de poivre - baies de genièvres - graines de cumin - grains de poivre. Porc origine : UE|408|7.5|0|1.8|5.7|1.2|||||||||||||||||0|blé, lait|E250 - Nitrite de sodium,E300 - Acide ascorbique,E407 - Carraghénanes,E407a - Algues euchema transformées,E412 - Gomme de guar,E415 - Gomme xanthane,E451 - Triphosphates|
Conserves|Casino|Salade Italienne au thon|b|_Thon_ 20%- tomates 16% - oignons 15% - poivrons rouges 13% - haricots verts 9.9% - eau - huile de colza - pâtes alimentaires 6.4%- vinaigre d'alcool - sel - amidon de riz - aromates et épices - épaississants : farine de graines de caroube, gomme guar - colorant : extrait de paprika - arôme naturel de thym - arôme naturel ail - arôme naturel. Traces de _moutarde_.|550|7.5|1.8|1.3|8|1.2|||||||||||||||||0|Thon, blé, œuf|E160c - Extrait de paprika,E410 - Farine de graines de caroube,E412 - Gomme de guar|
Conserves|Casino|Garniture pour Bouchées à la Reine|c|Eau - quenelles de volaille 22%- cubes de viande de dinde cuits 10%- _crème_ fraîche- amidon de riz - amidon transformé de maïs - huile de tournesol - farine de _blé_ - arôme- _œufs_ concentrés salés - sel.|560|8.2|0.8|0.8|4.8|1.3|||||||||||||||||0|blé, œufs, blé, lactose, lait, blé, crème, blé, lait, gluten, œufs, œufs|E14XX - Amidons modifiés,E300 - Acide ascorbique,E330 - Acide citrique,E407 - Carraghénanes,E452 - Polyphosphates|
Conserves|Casino|Petits pois très fins et jeunes carottes à l'étuvée|a|Légumes en proportion variable- eau - sucre - sel - arôme naturel.|263|0.6|3.7|4.2|3.4|0.57|||||||||||||||||0|||
Conserves|Casino Bio, Casino|Lentilles Vertes|a|Lentilles vertes sèches* trempées- eau - sel - jus de citron concentré*.*|294|0|0|4.4|6.3|0.9|||||||||||||||||0|||
Conserves|Casino Bio, Casino|Maïs croquant bio|a|Maïs doux en grains* - eau - sel.*biologique.|78|1.7|7.4|2.5|2.4|0.3|||||||||||||||||0|||
Conserves|Casino Bio, Casino|Haricots blancs|a|Haricots blancs secs* trempés - eau - sel.*|401|0.5|0|6.8|7.3|0.98|||||||||||||||||0|||
Conserves|Casino Bio, Casino|Haricots verts extra-fins coupés bio|a|Haricots verts coupés* - eau - sel.*biologique|101|0|0.8|2.8|1.6|0.75|||||||||||||||||0|||
Conserves|Cassegrain|Aubergines Cuisinées à la Provençale|b|Dés d'aubergines préfrites 36%, tomates pelées concassées au jus 23%, dés d'aubergines 15%, oignons coupés 12%, purée de tomates mi-réduite 4.8%, double concentré de tomates 2.2%, sucre, huile d'olive vierge extra 1%, basilic 0.9%, sel, ail, jus concentré de citron.           |372|6|6|3.2|1.2|0.65|||||||||||||||||0||E330 - Acide citrique|
Conserves|Cassegrain|Ratatouille Cuisinée à la Provençale à l'Huile d'Olive Vierge Extra|b|Dés d'aubergines préfrites 25%, dés de courgettes 25%, purée de tomates 23%dés d’oignons 13%, dés de poivrons rouges 8%, huile d’olive vierge-extra 2%, sucre, sel, ail 0.3%, jus concentré de  citron, farine de blé, thym 0.1%.|346|5.1|5.7|3.9|1.5|0.58|||||||||||||||||0||E330 - Acide citrique|
Conserves|Cassegrain|Courgettes Cuisinées à la Provençale|a|Courgettes préfrites 52%, tomates pelées concassées au jus 21%, oignons 12%, purée de tomates mi-réduite 3.7%, double concentré de tomates 3%, sucre, huile d'olive vierge extra 1.9%, jus concentré de citron, sel, basilic 0.7%, ail, farine de _blé_, fenouil moulu.|283|3.7|5.9|1|1.8|0.61|||||||||||||||||0|blé|E330 - Acide citrique|
Conserves|Chez Raynal,Raynal et Roquelaure|La Choucroute garnie|b|Choucroute 55 % : chou, sel. Garniture 22.5 % : 4 saucisses pur porc, 2 rondelles de saucisson pur porc, viande de porc traitée en salaison. Jus : eau, saindoux, vin blanc 0.3 %, sel, arômes et arôme de fumée, exhausteur de goût : E621. antioxydant : E301. Graines de coriandre et baies de genièvre.|318|5.8|0.5|2.7|3.7|1.05|||||||||||||||||0|sulfites, gluten|E250 - Nitrite de sodium,E262 - Acétates de sodium,E301 - Ascorbate de sodium,E331 - Citrates de sodium,E450 - Sels métalliques de diphosphates,E451 - Triphosphates,E621 - Glutamate monosodique|
Conserves|Compagnie Générale de Conserve|Haricots verts extra fins|a|Haricots verts, eau, sel. CONDITIONS DE CONSERVATION : Avant ouverture : à conserver à température ambiante et à l'abri de l'humidité et de toute variation de température. Après ouverture : à conserver au réfrigérateur dans un récipient hermétique et approprié et consommer dans les 2 jours. A consommer de préférence avant la date figurant sur l'un des fonds. PRÉPARATION : Rincer et réchauffer dans de l'eau bouillante, égoutter, accomoder selon votre goût. FABRIQUÉ EN FRANCE Service consommateurs Compagnie Générale de Conserve CS 30914 ? 56509 LOCMINE cedex ? FRANCE 2200 S EXTRA-FINS HARICOTS VERTS|109|0.2|0.8|2.8|1.6|0.75|||||||||||||||||0|||
Conserves|Cora|Champignons de Paris 1er choix|b|Champignons de Paris, eau, sel, acidifiant : acide citrique, antioxydant : acide ascorbique.|79|0.5|0.5|2.1|2.2|0.7|||||||||||||||||0||E300 - Acide ascorbique,E330 - Acide citrique|
Conserves|Cora|Mirabelles au sirop|a|Mirabelle avec noyaux, eau, sucre|352|0.5|16.7|1.5|0.5|0.01|||||||||||||||||0|||
Conserves|Cora|Garniture pour bouchées à la reine|c|Eau, quenelles de volaille 21 %, dés de viande hachée de dinde cuits 11 %, champignons de Paris 5.5 %, agent crémeux, amidon de riz, amidon transformé de maïs, farine de _blé_, vin blanc, arômes, _beurre_, _oeufs_ entiers concentrés salés, _crème_ fraîche, sel, spécialité à base de jus de citron.|607|9.9|0.7|1.2|4.5|1.3|||||||||||||||||0|blé, oeufs, blé, lactose, lait, blé, lait, blé, lait, blé, oeufs, beurre, oeufs, crème|E14XX - Amidons modifiés,E300 - Acide ascorbique,E330 - Acide citrique,E452 - Polyphosphates|
Conserves|Cora|Petits pois et carottes|a|Petits pois extra-fins 50% mini - carottes 30% mini - eau - sucre - sel - arôme naturel de poivre|225|0.3|4.5|2|2.8|0.62|||||||||||||||||0|||
Conserves|Côté Snack,Marque Repère|Salade de Thon Italienne|a|_Thon_ précuit 23%, eau, maïs 15%, tomates 13%, carottes 12%, huile de colza, torsades 3.6%, torsades aromatisées épinard 3.2%, plantes aromatiques et épice, vinaigre d'alcool, sel, épaississants : gomme xanthane, gomme guar.|527|6.2|2.2|1.7|8.7|0.89|||||||||||||||||0|Thon, blé, œuf, blé, œuf|E412 - Gomme de guar,E415 - Gomme xanthane|
Conserves|Côté Snack,Marque Repère|Salade de Thon Catalane|a|_Thon_ précuit 23  %, eau; oignons 9.4 % poivrons rouges 8.8 %; concentré de tomates 8.6 %; poivrons verts 6.8 % ; haricots verts 5.2 %, huile de colza; pâtes 4 %; huile d'olive vierge extra ; sucre : olives noires 0.9% * olives, sel; vinaigre d'alcool; sel: plantes aromatiques et épice ; _moutarde_ de Dijon; épaississants: gomme guar, gomme xanthane: jus de citron concentré, arôme naturel: amidon de riz; arôme naturel de thym.|484|6.2|3.3|1.8|9.1|0.88|||||||||||||||||0|en:eggs,en:fish,en:gluten,en:mustard|E330 - Acide citrique,E412 - Gomme de guar,E415 - Gomme xanthane|
Conserves|Côté Table,marque repère|Ravioli aux 6 légumes|b|Eau, ravioli 27 % [semoule de blé dur, eau, chapelure, brocolis 1 %, épinards 1 %, carottes 0.8 %, huile de tournesol, oignons 0.3 %, fécule de manioc, set, basilic, arômes), purée de tomates 14 %, carottes 8.9 %, oignons 2.6 %, poivrons rouges 1.6 %, olives vertes 1.6 %, aubergines 1.6 %, plantes aromatiques, huile de tournesol, sel, sucre, amidon modifié de maïs, arômes. Traces de céleri, lait et œufs.|364|1.3|2.1|1.7|2.9|0.8|||||||||||||||||0|en:gluten|E14XX - Amidons modifiés|
Conserves|D'Aucy|Betteraves Rouges en Dés|a|Betteraves rouges, eau, sucre sel, jus concentré de citron, vinaigre d'alcool.|167|0|6.5|2.6|1.1|0.54|||||||||||||||||0|||
Conserves|D'Aucy|Petit salé cuisiné aux aromates|a|Eau, lentilles vertes réhydratées 27 %, viande de porc saumurée et précuite 26 %, carottes, graisse de canard, oignons grelots, concentré de tomates, amidon, aromates, sel, arômes naturels.|414|3.9|0.5|2.3|8.6|0.99|||||||||||||||||0||E509 - Chlorure de calcium|
Conserves|D'Aucy|Poêlée Haricots verts au beurre persillé|a|Haricots verts extra fins coupés, eau, _beurre_, persil, sel, ail, antioxydant : acide ascorbique, épaississants : gomme xanthane, gomme guar, poivre.|184|1.7|1.5|3.9|1.9|0.6|||||||||||||||||0|en:milk|E300 - Acide ascorbique,E412 - Gomme de guar,E415 - Gomme xanthane|
Conserves|D'Aucy|Haricots rouges|a|haricots rouges, eau, sucre, sel|445|0.6|2.6|3.4|7.9|0.7366|||||||||||||||||0|||
Conserves|D'Aucy|Petits pois doux à l\'étuvée|a|petits pois doux, eau, sucre, sel, arôme naturel|309|0.5|3.6|4.4|4.1|0.6604|||||||||||||||||0|||
Conserves|D'Aucy|Haricots beurre extra fins|a|Haricots beurre, eau, sel|104|0.2|0.5|2.7|1.6|0.78|||||||||||||||||0|||
Conserves|D'Aucy|Épinards hachés|a|épinards, sel.|128|0.6|0.7|3|3|0.32|||||||||||||||||0|||
Conserves|D'Aucy|Pôelée Haricots verts au beurre persillé|a|Haricots verts extra fins coupés, eau, _beurre_, persil, sel, ail, antioxydant : acide ascorbique, épaississants : gomme xanthane, gomme guar, poivre.|184|1.7|1.5|3.9|1.9|0.6|||||||||||||||||0|en:milk|E300 - Acide ascorbique,E412 - Gomme de guar,E415 - Gomme xanthane|
Conserves|D'Aucy|Haricots verts très fins|a|Haricots verts, eau, sel.|104|0.1|0.7|2.8|1.5|0.8001|||||||||||||||||0|||
Conserves|D'Aucy|Haricots verts plats coupés|a|Haricots verts plats coupés, eau, sel.|98|0.1|0.7|2|1.2|0.7|||||||||||||||||0|||
Conserves|D'Aucy|Petits Pois Extra Fins|a|Petits pois, eau, sucre, sel, arôme naturel|368|0.9|3.7|6.1|5.8|0.53|||||||||||||||||0|||
Conserves|D'aucy|Duo haricots verts haricots beurre|a|Légumes en proportion variable, eau, sel|113|0.3|0.8|3|1.6|0.56|||||||||||||||||0|||
Conserves|D'aucy|Maïs ultra croquant|a|Maïs en grains sans OGM, eau, sel.|381|2.4|4.9|4.3|2.9|0.4|||||||||||||||||0|||
Conserves|Danival|Pois Chiches Cuisinés |b|Pois chiches du Sud-Ouest, oignons, jus cuisiné : eau, sel marin non raffiné de l'Atlantique, huile de tournesol désodorisée, herbes de Provence, poivre.|212.2|0.4|0.1|1.7|3.1|1.1|||||||||||||||||0|||
Conserves|Danival|Petits Pois et Carottes|a|Petits pois, carottes, jus : eau, sel marin non raffiné de l'Atlantique.|209|0.3|4|2|2.6|0.6|||||||||||||||||0|||
Conserves|Danival|Haricots verts coupés|a|haricots verts, jus : eau, sel marin non raffiné de l'Atlantique|100|0.1|0.9|3.1|1.4|0.7|||||||||||||||||0|||
Conserves|Danival|Ravioli au Tofu, Tomates & Olives|c|Eau, tomates 21% ravioli tofu, olives, semoule soja|410|5.3|2.2|1.4|2.2|1.01|||||||||||||||||0|||
Conserves|Danival|Haricots Blancs Cuisinés|a|Haricots blancs du Sud-Ouest*, oignons*, jus cuisinés : eau, huile de tournesol désodorisée*, sel marin non raffiné de l'Atlantique, herbes de Provence*, poivre*. 100% ingrédients d’origine biologique|230|0.2|0.5|3.3|4.3|0.8|||||||||||||||||0|||
Conserves|Danival|Lentilles aux petits légumes|a|Lentilles vertes du Sud-Ouest, eau, légumes, oignons, carottes), bio shoyu Danival, huile de tournesol désodorisée, sel marin non raffiné de l'Atlantique, ail, herbes de Provence, poivre.|277|1.05|0.53|3.54|4.5|0.8|||||||||||||||||0|soja, blé||
Conserves|Danival|Maïs doux|a|maïs doux bio, jus, sel marin non raffiné de l'Atlantique|447|1.7|5|3.1|2.8|0.6|||||||||||||||||0|||
Conserves|Danival|Haricots Verts Extra Fins|a|Haricots verts extra-fins, jus : eau, sel marin non raffiné de l'Atlantique *Inqrédient d'origine aqricole obtenu selon res règles de production biologique|100|0.1|0.9|3.1|1.4|0.699999999999999|||||||||||||||||0|||
Conserves|Daucy|Haricots beurre coupés|a|Haricots beurre coupés, eau, sel|111|0.3|0.7|3.1|1.7|0.55|||||||||||||||||0|||
Conserves|Delpeyrat|Spécialité de foie gras de canard entier du Sud-Ouest cuit au bouillon aromatique|e|Foie gras de canard du Sud-Ouest 96 %, bouillon de volaille au Monbazillac et à l'Armagnac 4 %, poivre).|2268|56.8|1.5||7.1|0.93|||||||||||||||||0||E250 - Nitrite de sodium,E428 - Gélatine|
Conserves|Delpeyrat|Foie gras de canard entier du Sud-Ouest au poivre frâichement moulu|e|Foie gras de canard du Sud-Ouest, sel, poivre fraîchement moulu, conservateur : nitrite de sodium.|2241|56.1|0.9||7.5|1.28|||||||||||||||||0||E250 - Nitrite de sodium|
Conserves|Delpeyrat|Foie gras de canard entier du Périgord|e|Foie gras de canard du Périgord, sel, poivre, conservateur : nitrite de sodium.|2241|56.1|0.9||7.5|1.28|||||||||||||||||0||E250 - Nitrite de sodium|
Conserves|Delpeyrat,Delpeyrat Classic|Bloc de Foie Gras|e|Foie Gras de Canard, sel, Porto, Armagnac, sucre, poivre, conservateur: nitrite de sodium, antioxydant : ascorbate de sodium,|2017|50|0.9||5.9|1.1|||||||||||||||||0||E250 - Nitrite de sodium,E301 - Ascorbate de sodium|
Conserves|Dia|Flageolets Verts Extra-Fins|a|flageolets verts extra-fins, eau, sel|372|0.8|0.5|6|5.2|0.74|||||||||||||||||0|||
Conserves|Dia|Haricots Verts Extra-Fins - 400 g - Dia|a|haricots verts extra-fins, eau, sel. |106|0.2|0.5|3|1.6|0.635|||||||||||||||||0|||
Conserves|Dia|Légumes pour couscous|a|Mélange de légumes 57 %, jus.|123|0.6|1.9|1.8|1.3|0.8636|||||||||||||||||0||E14XX - Amidons modifiés,E160c - Extrait de paprika|
Conserves|Dolo|Corned-beef dans sa gelée|d|Boeuf 98.7%, sel, arôme, conservateur E250.|874|15|0.1|0|18|1.5|||||||||||||||||0||E250 - Nitrite de sodium|
Conserves|Duménil|Choucroute garnie|c|Choucroute 50 %. Jus : eau, sel, vin blanc, antioxydant : E300. arôme. Garniture 22 % : saucisses et saucisson fumés, viande de porc traitée en salaison, précuite. Saindoux. Baies de genièvres et grains de poivre.|339|6.3|0.4|2.1|3.6|1.35|||||||||||||||||0||E160c - Extrait de paprika,E250 - Nitrite de sodium,E300 - Acide ascorbique,E407 - Carraghénanes,E407a - Algues euchema transformées,E412 - Gomme de guar,E415 - Gomme xanthane,E451 - Triphosphates|
Conserves|El Saada|Bloc de Foie gras de canard|e|Foie gras de canard Halal, eau, sel, poivre, sucre.|1990|49.9|1.9||6.7|1.24|||||||||||||||||0|||
Conserves|El Saada|Foie gras de canard|e|Foie gras de canard Halal entier, sel, poivre, conservateur : E250. antioxydant : E301|2247|55|1.5||7.9|1.2|||||||||||||||||0||E250 - Nitrite de sodium,E301 - Ascorbate de sodium|
Conserves|Ensemble,Biocoop|Flageolets verts|a|Flageolets verts*, eau, sel de Guérande, *Ingrédient issu de l'agriculture biologique.|351|0.79|0.7|7.1|4.1|0.8382|||||||||||||||||0|||
Conserves|Ensemble,Biocoop|Haricots rouges|a|Haricots rouges, eau, sel de Guérande.|464|0.8|0.4||7.5|0.5|||||||||||||||||0|||
Conserves|Fauchon|Foie gras de canard entier du Sud-Ouest|e|Foie gras de canard, sel, nitrite de sodium |2276|23.6|0.9|0|7.5|1.34|||||||||||||||||0||E250 - Nitrite de sodium|
Conserves|Fines Tartines,Hénaff|Fromage Fondu|c|Fromage, crème, eau, , protéines de lait, poudre de lithothamne, épaississants : E509. E407. E410. sel, sels de fonte : E341. E452. E339.|1192|27|2.2||8.1|0.6|||||||||||||||||0||E339 - Orthophosphates de sodium,E341 - Phosphates de calcium,E407 - Carraghénanes,E410 - Farine de graines de caroube,E452 - Polyphosphates,E509 - Chlorure de calcium|
Conserves|Fleurs des Champs|Garniture 4 légumes|a|pommes de terres, carottes, haricots verts, flageolets verts, eau, sel|207|0.2|1.3||2.3|0.6|||||||||||||||||0|||
Conserves|Fleurs des Champs|Épinards en branches|a|Epinards, eau, sel.|138|0.9|0.2||3.4|0.6|||||||||||||||||0|||
Conserves|Fleurs des Champs|Pois chiches|a|Pois chiches secs, eau, sel.|527|2|0.8|5.3|6.8|0.7|||||||||||||||||0|||
Conserves|Gillet Contres|Garniture Gigot|a|Flageolets verts extra-fins, haricots verts extra-fins, eau, sel, arôme naturel.|218|0.4|0.6|5.1|2.9|0.3|||||||||||||||||0|blé||
Conserves|Gillet Contres|Topinambours du val de Loire|a|Topinambours, eau, sel de mer, acidifiant : acide citrique, antioxydant : acide ascorbique.|343|0.7|9.6||1.8|0.6|||||||||||||||||0||E300 - Acide ascorbique,E330 - Acide citrique|
Conserves|Gillet contres|Flageolets verts extra fins|a|Flageolets verts extra fins, eau, sel, affermissant : chlorure de calcium.|385|0.8|0.2|7.1|6.1|0.81|||||||||||||||||0||E509 - Chlorure de calcium|
Conserves|Golden Quality Foods|Classic Melocotón en Almíbar|a|Oreillons de pêche, eau, sirop de fructose-glucose, sucre, acidifiant.|291|0.2|14.3|0.8|0.4|0.01|||||||||||||||||0||E330 - Acide citrique|
Conserves|Goufin|Haricots verts très fins|a|Haricots verts extra-fins, eau, sel|111|0.2|1|2.9|1.6|0.79|||||||||||||||||0|||
Conserves|Grand Jury|Epinard hachés|a|Epinards, eau, sel|142|0.6|1|3.4|3.5|0.38|||||||||||||||||0|||
Conserves|Grand Jury|Epinards en branches|a|Epinards, eau, sel.|130|0.5|0.5|2.9|3.6|0.43|||||||||||||||||0|||
Conserves|Grand Jury|Asperges Vertes miniatures|a|Asperges vertes, eau, sel|109|0|0|3|2|0.8|||||||||||||||||0|||
Conserves|Grand Jury|Maïs doux croquant|a|Maïs doux en grains sans OGM, eau, sucre, sel|502|1.6|3.3||3.1|0.46|||||||||||||||||0|||
Conserves|Grand Jury|Petits Pois Carottes|a|Légumes, eau, sucre, sel, arôme naturel.|234|0.5|3.2|4|2.8|0.59|||||||||||||||||0|||
Conserves|Grandjean|Escargots Bourgogne sauvages - 2 douzaines très gros|b|Chairs d'escargotsHelix Pomatia linné, eau, sel, carottes, épices, vinaigre, plantes aromatiques. |368|1.4|1.2||16.2|1.3|||||||||||||||||0|Mollusques||
Conserves|Grandjean|Escargots Bourgogne sauvages - 5 douzaines belle grosseur|b|Chairs d'escargotsHelix Pomatia linné, eau, sel, carottes, épices, vinaigre, plantes aromatiques. |368|1.4|1.2||16.2|1.3|||||||||||||||||0|Mollusques||
Conserves|Géant Vert|Maïs blanc extra-fin à poêler|a|maïs doux en grains sans OGM, eau, sucre, sel.|494|1.1|3.6|1.9|2.9|0.4|||||||||||||||||0|||
Conserves|Géant Vert|Maïs Ma Récolte Éric Laulhé|a|Maïs doux en grains, eau, sel.|322|1.7|7.4|2.5|2.4|0.4|||||||||||||||||0|||
Conserves|Géant Vert|Maïs doux a poêler au sel de Guérande|a|Maïs doux en grains sans OGM, eau, sucre, sel de Guérande|423|1.1|4|2.1|2.5|0.4|||||||||||||||||0|||
Conserves|Géant Vert|Maïs doux en grains extra croquants|a|Maïs doux en grains sans OGM, eau, sel.|322|1.7|7.4|2.5|2.4|0.4|||||||||||||||||0|||
Conserves|Géant Vert|Première récolte|a|Maïs doux en grains sans OGM, eau, sel.|324|1.7|7.4|2.5|2.4|0.6|||||||||||||||||0|||
Conserves|Géant vert,General Mills|Extra croquant|a|Maïs doux en grains sans OGM, eau, sel.|322|1.7|7.4|2.5|2.4|0.4|||||||||||||||||0|||
Conserves|Hereford|Corned beef Hereford|d|Bœuf 98.7%, sel , conservateur E250|925|15|0||21|1.4|||||||||||||||||0||E250 - Nitrite de sodium|
Conserves|Hereford|Épaule de Porc|d|Épaule de porc 93.3 %, eau, sel, épaississants : carraghénanes et farine de caroube, stabilisant : triphosphates, arôme naturel, épices, antioxydant : ascorbate de sodium, conservateur : nitrite de sodium, laurier.|599|8.2|0.5||17.4|2.14|||||||||||||||||0||E250 - Nitrite de sodium,E301 - Ascorbate de sodium,E407 - Carraghénanes,E451 - Triphosphates|
Conserves|Jardin BIO,Léa Nature|Courgettes Cuisinées|b|Morceaux de courgettes* 62.5%, purée de tomates* mi-réduite 21%, tomates cubées* , morceaux d'oignons*, double concentré de tomates*, huile de tournesol*, sel marin, morceaux de poivrons verts*, huile d'olive* vierge extra, purée d'ail*, plantes aromatiques*, épices*. *Produits issus de l'agriculture biologique.|180|1.9|3.1|1|1.3|0.76|||||||||||||||||0|||
Conserves|Jardin Bio|Jardin Bio - Ravioli Légumes|b|Sauce*: purée de tomates* 37.5 %, eau, oignons*, huile de tournesol*, sucre de canne*, bouillon de légumes* en poudre, sel marin, basilic*, origan*. Ravioli*: pâte des ravioli* 75 %, farce des ravioli* 25 % [légumes* 47 %, semoule de _blé_*, chapelure*, huile de tournesol*, sel marin, purée d'ail*, poivre* noir, origan*, thym*, laurier*].|305|1.9|3.4|1.9|2.3|0.7|||||||||||||||||0|en:celery,en:gluten|E170 - Carbonate de calcium|
Conserves|Jardin Bio,Léa Nature|Petits pois|a|petits pois extra fins, eau, sucre, sel, arôme naturel de poivre.|314|0.1|3.6|5.7|4|0.75|||||||||||||||||0|||
Conserves|Jardin Bio,Léa Nature|Petits pois à l'étuvée extra fins|a|petits pois extra-fins, eau, sel marin.|259|0.6|1|6.1|4|0.58|||||||||||||||||0|||
Conserves|Jardin Bio,Léa Nature|Ravioli épinard ricotta Bio|c|Sauce* 84% : eau, tomates*, oignons* en morceaux, lait entier* en poudre, farine de riz*, sucre de canne* brut, huile de tournesol*, sel marin, aromates*, poivre noir. Ravioli* 16% : pâte* 60%, farce* 40%25%, chapelure, emmental*, couscous*, sel, huile de tournesol*, épinards* déshydratés 1%, ail*, poivre)|406|3.5|4.3|1.7|2.7|0.8|||||||||||||||||0|en:eggs,en:gluten,en:milk||
Conserves|Jardin Bio,Léa Nature|Ratatouille à la provençale|b|légumes en morceaux 87%, double concentré de tomates à 28%, huile d'olive vierge extra, sucre de canne brut, plantes aromatiques, huile de tournesol, sel marin, jus concentré de citron, poivre noir.|268|3.5|5.2|1.7|1.2|0.5|||||||||||||||||0|||
Conserves|Jardin bio logique|Lentilles cuisinées aux petits légumes|a|Eau, lentilles sèches trempées* 36%, légumes* en morceaux 12%, sel marin, purée d'ail*, poivre* noir, thym. *Produits issus de l'agriculture biologique.|331|0.3|1.6|2.7|4|0.7|||||||||||||||||0|||
Conserves|Jardin bio,Léa Nature|Maïs doux|a|maïs* doux sans OGM 69.6%, eau, sel marin, acidifiant : acide citrique, antioxydant : acide ascorbique. *Produit issu de l'agriculture biologique.|264|1.9|2|3.6|2.3|0.5|||||||||||||||||0||E300 - Acide ascorbique,E330 - Acide citrique|
Conserves|Jean Larnaudie|Foie gras de canard entier du Sud-Ouest|e|Foie gras de canard, sel, Armagnac, poivre, sucre, antioxydant : acide ascorbique, conservateur : nitrite de sodium.|2211|55.2|2.2||7.7|1.01|||||||||||||||||0||E250 - Nitrite de sodium,E300 - Acide ascorbique|
Conserves|Jean Larnaudie|Bloc de foie gras de canard avec morceaux|e|Foie gras de canard, morceaux de foie gras de canard 30 %, eau, sel, Armagnac, poivre, sucre, antioxydant : acide ascorbique, conservateur : nitrite de sodium.|2014|51|1.3||6|1.12|||||||||||||||||0||E250 - Nitrite de sodium,E300 - Acide ascorbique|
Conserves|Jean Larnaudie|Bloc de foie gras de canard|e|Foie gras de canard, eau, sel, Armagnac, poivre, sucre, antioxydant : acide ascorbique, conservateur : nitrite de sodium.|1957|49.5|1.1||5.5|1.28|||||||||||||||||0||E250 - Nitrite de sodium,E300 - Acide ascorbique|
Conserves|Jean Nicolas|Salsifis|a|Salsifis, eau, sel, acidifiant : acide citrique, antioxydant : acide ascorbique|131|0.2|3.6|2.7|1.3|0.65|||||||||||||||||0||E300 - Acide ascorbique,E330 - Acide citrique|
Conserves|Karina|Corned Beef|d|Bœuf 98.5%, sel, conservateur: nitrite de sodium.|967|16|0.4||21|1.6|||||||||||||||||0||E250 - Nitrite de sodium|
Conserves|Karine & Jeff|Pois Chiche au naturel|a|Pois chiches*, sel marin non raffiné.|134|1.1|3.9|4.7|8.7|2.03|||||||||||||||||0|||
Conserves|Karine & Jeff|Tajine d'aubergines et poivrons|b|tomates*, aubergines*, oignons*, poivrons rouges*, poivrons verts*, huile de tournesol vierge première pression à froid*, sel marin non raffiné, cumin*, curcuma*. *ingrédients issus de l'agriculture biologique.|201|2.8|2.9|1.4|1.8|1.5|||||||||||||||||0|||
Conserves|Karine & Jeff,Le bonheur est dans le pot|Epinards à la crème|a|épinards*, oignons*, crème de _soja_*, huile de tournesol vierge première pression à froid*, sel marin non raffiné, muscade*. *ingrédients issus de l'agriculture biologique.|234|3.2|1.5|2.5|2.6|0.8|||||||||||||||||0|en:soybeans||
Conserves|Karine & Jeff,Le bonheur est dans le pot|Fondant de Patates Douces, Tofu et Ricotta|b|Patates douces*, oignons*, tofu*, tomates*, fromage ricotta*, huile de tournesol vierge première pression à froid*, crème de soja*, persil*, sel marin non raffiné, ciboulette*, poivre*. *Ingrédients issus de l'agriculture biologique|393|4.1|4.1|2.2|3.9|1|||||||||||||||||0|soja, lait, soja||
Conserves|Karine & Jeff,Le bonheur est dans le pot|Flageolets à la méridionale|b|carottes*, tomates*, flageolets*, oignons*, vin blanc*, huile de tournesol vierge première pression à froid*, ciboulette*, persil*, sel marin, curcuma*, sauge*, marjolaine*, origan*, thym*, poivre*. *ingrédients issus de l'agriculture biologique.|209|1.6|2.4|3|1.7|1.5|||||||||||||||||0|||
Conserves|Karine & Jeff,Le bonheur est dans le pot|Courgettes à la crème de curry|b|Courgettes*, oignons*, poivrons rouges*, crème de soja*, tomates*, huile de tournesol vierge première pression à froid*, coriandre*, sel marin non raffiné, curry*. *Ingrédients issus de l'agriculture biologique.|272|4.2|4.9|1.5|1.4|0.5|||||||||||||||||0|soja||
Conserves|Karine & Jeff,Le bonheur est dans le pot|Cassolette de haricots azuki au potimarron|c|Potimarron*, haricots azuki*, oignon*, tomates*, huile de tournesol vierge première pression à froid*, sel marin non raffiné, thym*, poivre*. *ingrédients issus de l'agriculture biologique.|402|6.3|4.6|3|2.4|1.3|||||||||||||||||0|||
Conserves|Karine & Jeff,Le bonheur est dans le pot|Cocotte de petit épeautre, courgettes et pignons|c|Courgettes*, oignons*, tomates*, petit _épeautre_*, crème de _soja_*, pignons de pin*, huile de tournesol vierge première pression à froid*, basilic*, _parmesan_*, sel marin non raffiné, poivre*. *ingrédients issus de l'agriculture biologique.|366|6.4|2.3|1.8|2.7|1.5|||||||||||||||||0|épeautre, soja, soja, parmesan||
Conserves|Karine & Jeff,Le bonheur est dans le pot|Maïs doux au naturel|b|maïs doux*, sel marin non raffiné. *ingrédients issus de l'agriculture biologique.|552|1.4|3.5||2.9|1.3|||||||||||||||||0|||
Conserves|Karine & Jeff,Le bonheur est dans le pot|Macédoine de légumes|a|carottes*, petits pois*, pommes de terre*, haricots verts*, flageolets*, sel marin non raffiné.|218|0.4|2.4|3.5|2.5|1|||||||||||||||||0|||
Conserves|Karine & Jeff,Le bonheur est dans le pot|Voyage aux Antilles|b|Pommes de terre*, courgettes*, poivrons verts*, oignons*, tomates*, ananas*, lait de coco*, jus de raisin*, huile de tournesol vierge première pression à froid*, sel marin non raffiné, épices*, gingembre*.|247|2.1|2.8|1.5|1.3|0.8|||||||||||||||||0|moutarde||
Conserves|Karine & Jeff,Le bonheur est dans le pot|Une soirée à Casablanca|a|Tomates*, carottes*, courgettes*, poivron rouge*, lait de coco*, pois chiches*, oignons*, raisin sec*, huile de tournesol vierge première pression à froid*, sel marin non raffiné, curcuma*, coriandre*, sarriette*, thym*. *Ingrédients issus de l'agriculture biologique.|389|3.5|6.3|2|2.9|0.7|||||||||||||||||0|||
Conserves|Karine & Jeff,Le bonheur est dans le pot|Quinoa aux oignons et raisins|d|oignons*, quinoa*, raisins secs*, huile de tournesol vierge première pression à froid*, sel marin non rafﬁné, laurier*, huile d’olive vierge première pression à froid*. *ingrédients issus de l'agriculture biologique.|494|3.1|16.3|2.2|2.8|4.59999999999999|||||||||||||||||0|||
Conserves|Karine & Jeff,Le bonheur est dans le pot|Quinoa aux Petits Légumes|b|Quinoa*, tomates*, carottes*, chou*, oignons*, huile de tournesol vierge première pression à froid*, sel marin non raffiné, ail*, herbes*, huile d'olive vierge première pression à froid*. *Ingrédients issus de l'agriculture biologique.|310|2.5|9|2.1|2.3|1|||||||||||||||||0|||
Conserves|Karine & Jeff,Le bonheur est dans le pot|Légumes à l'Indienne|a|courgettes* 29.6%, tomates* 21.2%, pommes de terre*, petit pois*, oignons*, poivrons verts*, poivrons rouges*, jus de citron*, huile de tournesol vierge première pression à froid*, coriandre*, cumin*, fenugrec*, fenouil*,  poivre*, cannelle*, cardamome*, sel marin non raffiné. *ingrédients issus de l'agriculture biologique.|230|1|4|2.5|2|0.9|||||||||||||||||0|||
Conserves|Karine & Jeff,Le bonheur est dans le pot|Quinoa à la Bolivienne|c|Tomates*, quinoa*, carottes*, poivrons verts*, oignons*, huile de tournesol vierge première pression à froid*, sel marin non raffiné, curry*, huile d'olive vierge première pression à froid*. *Ingrédients issus de l'agriculture biologique.|259|2.1|7.7|1.9|2|1|||||||||||||||||0|moutarde||
Conserves|La Belle Iloise|Salade de maquereau lentilles beluga au balsamique blanc|b|Chair de _maquereaux_, oignons, lentilles beluga, tomates, carottes, eau, huile de noix, jus de citron, condiment balsamique blanc, sel, graines de _moutarde_, plantes aromatiques, fécule de pomme de terre, épice.|732|10.2|2.4||10|0.9|||||||||||||||||0|maquereaux, bisulfite, moutarde, moutarde|E150 - Caramel,E224 - Disulfite de potassium|
Conserves|La Belle Iloise|Thon Germon Légumes Façon Tajine au Citron Confit|b|Eau, _thon_ blanc germon, carottes, poivrons rouges rissolés, huile d'olive vierge extra, olives vertes, tomates mi-séchées, quinoa blanc et rouge, pois chiche, jus de citron, citron confit au sel, fécule de pomme de terre, plantes aromatiques, épices, sel.|559|7.3|2.4||8|0.8|||||||||||||||||0|en:fish,en:sulphur-dioxide-and-sulphites||
Conserves|La Truffe Périgourdine|Grattons de Canard à l'Échalote|e|Viande de canard graisse de canard, échalote douce confite 10 %, sel, pulpe d'ail,oignon poivre.|1669|35.2|0.2||18.11|1.8|||||||||||||||||0|||
Conserves|La Vie Claire|Macédoine|a|Eau, carottes*, navets*, petits pois*, haricots verts*, flageolets réhydratés*, sel marin non raffiné.|155|0.5|1.2||1.9|0.72|||||||||||||||||0|||
Conserves|La vie claire|Petits pois très fins|a|Petits pois très fins* 61.4%, eau, garniture, sucre de canne non raffiné*, sel marin non raffiné, oignon poudre*, échalote poudre*. *Ingrédients agricoles issus de l'Agriculture Biologique.|201|0.4|4||2.2|0.79|||||||||||||||||0|||
Conserves|Labeyrie|Les Recettes de Marie Labeyrie Bloc de Foie Gras de Canard|e|Foie Gras de Canard, eau, sel, Armagnac, épices, sucre, antioxydant : E301. conservateur : E250.|2138|53|1.6||6.4|1.1|||||||||||||||||0||E250 - Nitrite de sodium,E301 - Ascorbate de sodium|
Conserves|Larnaudie Prestige|Bloc de foie gras d'oie au Jurançon|e|Foie gras d'oie, eau, sel, Jurançon, poivre, sucre, antioxydant : acide ascorbique, conservateur : nitrite de sodium.|1707|42|1.6||7.1|1.28|||||||||||||||||0||E250 - Nitrite de sodium,E300 - Acide ascorbique|
Conserves|Larnaudie,Larnaudie Prestige|Bloc de foie gras de canard au porto|e|Foie gras de canard, eau, sel, Porto, poire, sucre, antioxydant : acide ascobique, conservateur : nitrite de sodium.|2002|50.1|1.6||6.3|1.43|||||||||||||||||0||E250 - Nitrite de sodium,E300 - Acide ascorbique|
Conserves|Leader Price|Chair de Tomates Bio|a|Pulpe de tomates Roma 99.4%, sel marin non raffiné de Guérande.|164|0.3|5.5|2.8|1.5|0.508|||||||||||||||||0|||
Conserves|Leader Price|Gratin Dauphinois|c|Pommes de terre 55 %, eau, _crème_ fraîche 8.5 %, amidon transformé de maïs, sel, _emmental_ râpé 0.4 %, protéines de _lait_, ail en poudre, arôme naturel de muscade, poivre.|275|1.9|0.7|1.8|1.4|0.75|||||||||||||||||0|en:milk,fr:Disulfite|E14XX - Amidons modifiés,E223 - Disulfite de sodium,E300 - Acide ascorbique|
Conserves|Leader Price|Haricots verts très fins|a|Haricots verts, eau, sel.|105|0.1|0.7|2.8|1.6|0.8|||||||||||||||||0|||
Conserves|Leader Price|Corned Beef|d|Viande de bœuf 55 %, joues de bœuf, cœur de bœuf, sel, conservateur : E250.|866|13.1|0.3||21.8|1.4|||||||||||||||||0||E250 - Nitrite de sodium|
Conserves|Leader Price|Endives entières|a|Endives, eau, sucre, sel, acidifiant : acide citrique, antioxydant : acide ascorbique.|74.6|0.0769|2|1.08|0.923|0.528|||||||||||||||||0||E300 - Acide ascorbique,E330 - Acide citrique|
Conserves|Leader Price|Flageolets verts extra-fins|a|flageolets verts, eau, sel, affermissant|348|0.6|0.7|5|4.8|0.8636|||||||||||||||||0||E509 - Chlorure de calcium|
Conserves|Leader Price|Épinards hachés|a|Epinards, sel.|128|0.6|0.7|3|3|0.3302|||||||||||||||||0|||
Conserves|Leader Price|Petits Pois & Jeunes Carottes extra-fins à l'étuvée|a|Légumes : petits pois, jeunes carottes. Jus : eau, sucre, sel, arôme naturel.|264|0.6|3.7|4.3|3.4|0.57|||||||||||||||||0|||
Conserves|Leader Price|Petits Pois Extra-Fins à l'Étuvée|a|Petits pois - eau - sucre - sel - arôme naturel.|368|0.9|3.7|6.1|5.8|0.53|||||||||||||||||0|||
Conserves|Leader Price|Pois chiches|a|Pois chiches, eau, sel|527|2|0.8|5.3|6.8|0.7|||||||||||||||||0|||
Conserves|Leader Price|petits pois et jeunes carottes extra-fins|a|Légumes : petits pois, jeunes carottes. Jus : eau, sucre, sel, arôme naturel.|264|0.6|3.7|4.3|3.4|0.6|||||||||||||||||0|||
Conserves|Leader Price|Maïs doux croquant|a|Maïs doux en grains - eau - sel|318|1.7|5.8|3.7|2.8|0.5|||||||||||||||||0|||
Conserves|Leader Price,DLP,Groupe Casino|Choux de Bruxelles|a|Choux de Bruxelles, eau, sel.|134|0|2.1|3.4|2.5|0.58|||||||||||||||||0|||
Conserves|Leader price|Maïs doux en grain sous vide bio|a|Maïs doux en grains, eau, sel.|326|1.7|7.4|2.5|2.4|0.3|||||||||||||||||0|||
Conserves|Les Dieux|Filets de Maquereaux Escabèche|c|Filets de _maquereaux 56%, eau, vinaigre de vin blanc 7.3%, huile de de colza, concentré de tomates 4.5%, cornichons 2.9%, purée de tomate 1.6%, vin blanc, ail déshydraté, farine de riz, sucre, sel, oignons déshydratées 0.5%, épices et aromates, marjolaine, échalotes déshydratées, épaississants (gomme de guar, gomme de xanthane|933|15.2|1.7||12.1|0.7|||||||||||||||||0|anhydride sulfureux|E14XX - Amidons modifiés,E220 - Anhydride sulfureux,E330 - Acide citrique,E412 - Gomme de guar,E415 - Gomme xanthane|
Conserves|Les Délices des Flandres|Poulet à la Bière|b|Haut de cuisse de poulet [60%1 ; eau, Vin blanc, bière [5% dont malt d'_orge_) , gélatine de porc , genièvre ; oignon carotte sel ; farine de blé, arômes ; _lactose_ et protéine de _lait_, exhausteur de goût E621 & E635 ; graisse et de poulet , epices et plante aromatique , poivre , thym, laurier, colorant caramel.|477|3.6|2||17.4|1.05|||||||||||||||||0|orge, lactose, lait|E150 - Caramel,E428 - Gélatine,E621 - Glutamate monosodique,E635 - 5'-ribonucléotide disodique|
Conserves|Les Naturelles du Haut Pays|Pot'je Vleesch désossé|b|Viandes, sauce|607|5.69|0||19.66|0.99|||||||||||||||||0|en:gluten,en:sulphur-dioxide-and-sulphites|E428 - Gélatine|
Conserves|Les Recettes d'Autrefois,Gastromer|Mogettes de vendee a la paysanne recettes|b|Mogettes blanchies eau, ail. arôme naturel. sel marin.|372|0.5|0.7||6.6|0.72|||||||||||||||||0|||
Conserves|Les Recettes d'Autrefois,Gastromer|Mogette de Vendée Cuite au Naturel|a|Mogette de Vendée Label Rouge, eau, sel marin.|310|0.5|0.5||6.5|0.63|||||||||||||||||0|||
Conserves|Les Recettes d'Autrefois,Gastromer|Mogettes cuisinées à l'ancienne|a|Eau, mogettes blanchies 40 %, carottes 8 %, poitrine fumée 4 %, ail, arôme naturel, sel marin.|335|1|0.9||5.9|0.67|||||||||||||||||0|||
Conserves|Les naturelles du Haut Pays|Pot'je vleesch Désossé|b|Viande75%, sauce 25%.|602|5.69|0||19.6|0.99|||||||||||||||||0|en:gluten,en:sulphur-dioxide-and-sulphites|E428 - Gélatine|
Conserves|Louis Martin|Chair de Tomates|a|Pulpe de tomates* Roma, sel marin non raffiné de Guérande. * Issus de l'agriculture biologique.|159|0.3|7.3||1.5|0.6|||||||||||||||||0|||
Conserves|Maingourd|Maïs doux en grains sous vide|a|Maïs doux en grains, eau, sucre, sel|500|1.3|2.6|3.3|3|0.53|||||||||||||||||0|||
Conserves|Maingourd|Maïs doux en grains bio|a|Maïs en grains bio, eau, sel de mer.|373|2.4|4.9|3.8|2.9|0.43|||||||||||||||||0|||
Conserves|Maison Larzul|Escargots de Bourgogne|b|_Escargots_ de Bourgogne, eau filtrée, carottes, oignons, sel de Guérande, ail, vin blanc, poivre, thym, laurier, persil|376|1.5|0.01||16.8|1.1|||||||||||||||||0|Escargots||
Conserves|Marie-Amélie|Bouillabaisse Recette Marseillaise|a|Bouillon, arôme naturel d'épices), filets de _poissons_.|266|2.5|0.6|0.6|9.3|1.14|||||||||||||||||0|en:crustaceans,en:fish|E412 - Gomme de guar,E415 - Gomme xanthane|
Conserves|Martin Bio,Alain Martin|4 saucisses aux Haricots cuisinés|b|Haricots* 45 % saucisses de Toulouse* 25 %, eau, fond de volaille*, tomate, ail*, persil*, poivre*. *biologique|556|6.8|0.4||8.2|0.7|||||||||||||||||0|||
Conserves|Minerve|Pousses de Haricots Mungo|a|Pousses de Haricots Mungo, eau, vinaigre d'alcool, sucre, sel, antioxygène : acide ascorbique.|105|0.3|0.9|1|1.9|0.158|||||||||||||||||0||E300 - Acide ascorbique|
Conserves|Minerve|Pousses de soja|b|, eau, vinaigre d'alcool, sucre, sel, antioxydant : acide ascorbique.|79|0.3|2.1|1.1|1|0.725|||||||||||||||||0||E300 - Acide ascorbique|
Conserves|Minerve Restauration|Pousses de Haricot Mungo pour fricassées et salades|a|Pousses de haricot mungo, eau, vinaigre de vin blanc aromatisé à l'estragon, arôme naturel d'estragon), sucre, sel, poivre, antioxydant : acide ascorbique.|109|0.1|2.5|1.8|1.9|0.35|||||||||||||||||0|sulfites|E300 - Acide ascorbique|
Conserves|Monoprix|Petits pois à l'étuvée très fins|a|Petits pois, eau, sucre, sel, arôme naturel.|368|0.9|3.7|6.1|5.8|0.53|||||||||||||||||0|||
Conserves|Monoprix|Pousses de soja|a|Pousse de haricot mungo, eau, sucre, vinaigre d'alcool, jus de citron concentré, sel, antioxydant : acide ascorbique|94|0.2|2|1.7|1.8|0.28|||||||||||||||||0||E300 - Acide ascorbique|
Conserves|Monoprix P'tit Prix,Monoprix|Haricots Verts Très fins|a|Haricots verts, eau, sel.|102|0|0.818|2.82|1.64|0.755|||||||||||||||||0|||
Conserves|Naturellement Bio|Flageolets mijotés|c|Flageolets, eau, huile d'olive, bouillon de légumes, sel, ail, bouquet garni, poivre, romarin.|519|5.4|1.06|6.63|3.88|4.55|||||||||||||||||0|Céleri||
Conserves|Nautilus|Filets de Rouget à la provençale|a|Filets de rouget-barbet cinnabare46%, sauce provençale 33%, légumes 19%, olives noires|249|1.7|2||8.3|1.07|||||||||||||||||0|en:fish|E14XX - Amidons modifiés,E579 - Gluconate ferreux|
Conserves|Netto|Haricots blancs à la tomate|a|Haricots blancs secs trempés, eau, concentré de tomates, sel, arôme naturel.|392|0.6|0.5||5|1.00076|||||||||||||||||0|||
Conserves|Netto|Corned Beef|d|Bœuf 98.7 M, sel, conservateur : nitrite de sodium.|938|15|0.5||22.5|1.66|||||||||||||||||0||E250 - Nitrite de sodium|
Conserves|Netto|Champignons de Paris émincés 1er choix|b|Champignons de Paris, eau, sel, acidifiant : acide citrique, antioxydant : acide ascorbique.|82|0.5|0.5||2.3|0.690000000000001|||||||||||||||||0||E300 - Acide ascorbique,E330 - Acide citrique|
Conserves|Netto|Lentilles Préparées|b|Eau, lentilles sèches trempées, sel, arôme naturel.|343|0.5|0.5|0|6.1|0.7|||||||||||||||||0|||
Conserves|Netto|Pommes de terre|a|Pommes de terre, eau, sel, affermissant : chlorure de calcium, acidifiant : acide citrique.|241|0.5|1||1.3|0.65024|||||||||||||||||0||E330 - Acide citrique,E509 - Chlorure de calcium|
Conserves|Nixe|Salade à la Mexicaine au Thon|a|23 % _thon_, 16 % haricots rouges, 9.7 % haricots verts, 8.9 % poivrons rouges, 8.9 % maïs, 8.9 % carottes, 8.9 % oignons, eau, huile de colza, vinaigre d'alcool, sel, épices, amidon modifié de maïs, arôme naturel, épaississant : gomme guar ; colorant : extrait de paprika.|544|7.3|2.3||9.5|0.269999999999999|||||||||||||||||0|thon, poisson|E14XX - Amidons modifiés,E160c - Extrait de paprika,E412 - Gomme de guar|
Conserves|Nos Régions ont du Talent,Valette|Foie gras de canard entier du Périgord|e|Foie gras de canard, Porto, sel, poivre, sucre.|2247|56|0.4|0.1|8.2|1.3|||||||||||||||||0|||
Conserves|Notre Jardin,Marque Repère|Champignons de Paris Entiers|b|Champignons de Paris, eau, sel, acidifiant : acide citrique, antioxydant : acide ascorbique.|79|0.4|0.3|2.1|2.2|0.7|||||||||||||||||0||E300 - Acide ascorbique,E330 - Acide citrique|
Conserves|Olvac|Mogette de Vendée Cuite au Naturel|a|Mogette de Vendée Label Rouge IGP blanchie, eau, sel marin.|322|0.8|0.6|5.1|5.5|0.859999999999999|||||||||||||||||0|||
Conserves|Pecheries Basques|Moules a la basquaise|b|Moules 87.5%, concentré de tomates, eau, huile de colza, chorizo 1.5%, oignons déshydratés 0.8%, sucre, huile d'olive, basilic 0.2%, ail 0.1 %|427|4.6|2.2||10.7|1.5|||||||||||||||||0|en:molluscs|E1400 - Dextrines,E160c - Extrait de paprika,E250 - Nitrite de sodium,E316 - Erythorbate de sodium,E451 - Triphosphates,E451i - Triphosphate de sodium|
Conserves|Penny|Saumon Riz Légumes|b|Morceaux de filets de _Saumon_ Atlantique 38 %. Sauce : eau, _crème_, _beurre_, sel, amidon modifié de maïs, concentré de citron, _poisson_ en poudre, curcuma, gélifiants E412-E415. poivre, persil. Légumes 11%. |573|7.2|0.5||9.3|0.699999999999999|||||||||||||||||0|Saumon, crème, beurre, poisson|E14XX - Amidons modifiés,E407 - Carraghénanes,E412 - Gomme de guar,E415 - Gomme xanthane|
Conserves|Peny|Tartiflette|b|Pommes de terre 27 %, viande de porc traitée en salaison et précuite 25%, eau, reblochon fondu, sels émulsifiants : E331), lardons fumés 10%) _crème_, amidon modifié de maïs, matières grasses végétales, vin blanc, arômes, sel, gélifiants E412-E415. poivre.|531|6.4|0.5||10|0.75|||||||||||||||||0|en:milk,fr:Disulfite|E14XX - Amidons modifiés,E223 - Disulfite de sodium,E250 - Nitrite de sodium,E262 - Acétates de sodium,E300 - Acide ascorbique,E301 - Ascorbate de sodium,E316 - Erythorbate de sodium,E326 - Lactate de potassium,E331 - Citrates de sodium,E407 - Carraghénanes,E412 - Gomme de guar,E415 - Gomme xanthane|
Conserves|Peny|Thon en Salade|a|Légumes 41 % [pommes de terre, carottes, maïs, poivrons rouges et verts], filet de _thon_ Albacore précuit 30 %, eau, huile de colza, concentré de citron, _crème_, amidon modifié de maïs, sel, persil, al et curcuma poudre, poisson en poudre, gélifiants E412-E415. poivre. E300.|515|5.7|1.2||12.2|0.45|||||||||||||||||0|disulfite, thon, crème|E14XX - Amidons modifiés,E223 - Disulfite de sodium,E300 - Acide ascorbique,E407 - Carraghénanes,E412 - Gomme de guar,E415 - Gomme xanthane|
Conserves|Peny,Compagnie Générale de Conserve|Autruche Sauce aux Cranberries|b|Viande d'autruche traitée en salaison, précuite 38 %). Sauce : eau, _beurre_, concentré de tomates, huile de colza, amidon modifié de maïs, arômes, poudre de cranberries, persil, sel, colorant : caramel ordinaire, gélifiants : E412-E415. poivre. Torsades précuites. Légumes. Cranberries 1 %,|628|7.6|1.5||13.4|0.7|||||||||||||||||0|beurre, lait, blé, œufs, œuf|E14XX - Amidons modifiés,E150a - Caramel E150a,E331 - Citrates de sodium,E412 - Gomme de guar,E415 - Gomme xanthane,E500 - Carbonates de sodium,E500i - Carbonate de sodium,E500ii - Carbonate acide de sodium|
Conserves|Petit Pierre|Saumon pommes de terre sauce crémeuse à l'estragon|b|Filet de saumon atlantique, pommes de terre, eau, crème liquide, huile de colza, vinaigre de xérès, ail, vinaigre d'alcool, amidon transformé de maïs, sel, poudre de jaune d'oeuf, estragon, poivrons rouges déshydratés, épaississants : gomme xanthane - gomme guar, poivre noir, émulsifiant : polysorbate 60. sirop de glucose|705|12.4|0.7|0|10.3|0.56|||||||||||||||||0||E14XX - Amidons modifiés,E407 - Carraghénanes,E412 - Gomme de guar,E415 - Gomme xanthane,E435 - Monostéarate de polyoxyéthylène sorbitane|
Conserves|Pierre Champion|Le bloc de Foie Gras de Canard du Sud-Ouest|e|Foie gras de canard, eau, sel, Armagnac, poivre, sucre.|2029|50|0.9||6|1.1|||||||||||||||||0|||
Conserves|Pouce,Auchan|Salade de thon niçoise|b|Légumes 64%), haricots verts, poivrons, tomates, oignons, olives noires), thon 20%, eau, huile de colza, vinaigre de vin, basilic, sel, arômes naturels; épaississants : farine de graines de caroube, gomme guar; amidon de riz, colorant : extrait naturel de paprika, arôme naturel ail.|410|4|1.2||7.2|1|||||||||||||||||0|sulfites, poisson|E222 - Bisulfite de sodium,E228 - Sulfite acide de potassium,E410 - Farine de graines de caroube,E412 - Gomme de guar,E579 - Gluconate ferreux|
Conserves|Produits Blancs|Haricots blancs|a|Haricots blancs secs trempés, eau, sel.|484|0.8|0.7|6.6|7.6|0.75|||||||||||||||||0|||
Conserves|Produits Blancs|Champignons de Paris pieds et morceaux|b|Champignons de Paris, eau, sel, acidifiant : acide citrique, antioxydant : acide ascorbique|79|0|0.5|2.1|2.2|0.7|||||||||||||||||0||E300 - Acide ascorbique,E330 - Acide citrique|
Conserves|Produits Blancs|Macédoine de légumes|a|Légumes 65 %, eau, sel.|159|0.5|1.1|3.4|2.1|0.7|||||||||||||||||0|||
Conserves|Prosain|Haricots Verts Extra-Fins Bio & Equitable|a|Haricots verts extra-fins*, eau, sel de mer. *Ingrédient issu de l'agriculture biologique.|100|0.5|0.9||1.4|0.7|||||||||||||||||0|||
Conserves|Prosain|Epinards en branches|a|épinards*, eau, sel de mer. *Ingrédient issu de l'agriculture biologique.|113|0.5|0.5||3|0.74|||||||||||||||||0|||
Conserves|Rochambeau|Lentilles préparées|a|Lentilles sèches trempées, eau, sel, arôme naturel.|360|0.4|0.4|4.2|6.1|0.97|||||||||||||||||0|céleri||
Conserves|Rochefontaine|Pois Chiches au Naturel Bio|a|Pois chiches issu de l'agriculture biologique réhydratés, eau, sel de mer.|569|2.7|0|6.2|7.3|0.819999999999999|||||||||||||||||0|||
Conserves|Saint Benoît|Choucroute Cuisinée|c|Choucroute précuite, eau, saindoux, sel, riesling, arôme, baies de genièvre, graines de cumin|249|4.5|0.1||0.5|1.1|||||||||||||||||0|lait, oeuf, blé, céleri||
Conserves|Saint Eloi|Haricots verts très fins|a|Haricots verts, eau, sel.|118|0.5|0.6|3|1.6|0.6|||||||||||||||||0|||
Conserves|Saint Eloi|Légumes pour couscous|a|légumes 55 %, eau, purée de tomate double concentrée, sel, amidon modifié de maïs, arôme naturel, colorant|155|0.6|2.2|2.7|1.8|1.32|||||||||||||||||0|céleri|E14XX - Amidons modifiés,E160c - Extrait de paprika|
Conserves|Saint Eloi|Épinards hachés|a|Épinards hachés.|146|0.7|0.7|1.8|3.6|0.01|||||||||||||||||0|||
Conserves|Saint Éloi,Intermarché|Haricots Beurre Très Fins|a|Haricots beurre, eau, sel.|125|0.5|0.7|2.5|1.4|0.63|||||||||||||||||0|||
Desserts|Oui Chef !,Maison Larzul|Gâteau de Semoule au Caramel|c|_Lait_ entier, sucre, _œufs_ entiers, caramel, semoule de _blé_ dur, _crème_ fraîche, arôme nature de vanille, sel, épaississants : carraghénanes, gomme de xanthane.  |712|4.5|23||3.7|0.14|||||||||||||||||0|Lait, œufs, blé, crème|E407 - Carraghénanes,E415 - Gomme xanthane|
Desserts|Paquito|Pomme Abricot allégée en sucres|a|Purée de pommes 69.6 %, purée d'abricots 25 %, sucre, arôme naturel, antioxydant : acide ascorbique.|296|0.5|13.9||0.5|0.01|||||||||||||||||0||E300 - Acide ascorbique|
Desserts|Paquito|Purée de Pomme, Fraise, Myrtille|a|Pommes 69.7%, fraises 20%, myrtilles 10%, antioxydant : acide ascorbique.|197|0.5|9||0.5|0|||||||||||||||||0||E300 - Acide ascorbique|
Desserts|Paquito|Purée de Fruits Sans sucres Ajoutés Pomme|a|Purée de pommes 100%, antioxydant : acide ascorbique|218|0.3|11.5|1.4|0.3|0.008|||||0.012||||||||||||0||E300 - Acide ascorbique|
Desserts|Paquito,Intermarché|Dessert De Fruits Pomme Mangue Passion, 4 x 100g,|a|Purée de pommes 74.9 %, sucre, purée de mangue 8 %, purée de fruits de la passion 6 %, arôme naturel, antioxydant : acide ascorbique.|385|0.3|19|1.3|0.3|0.01|||||0.012||||||||||||0||E300 - Acide ascorbique|
Desserts|Paquito,Intermarché|Purée de pomme Bio Paquito|a|Pomme 100%, antioxydant : acide ascorbique.|954|0.5|11|1.7|0.3|0|||||||||||||||||0||E300 - Acide ascorbique|
Desserts|Paquito,Intermarché|Purée multifruits de pomme, pêche, mangue Bio|a|Pomme 62%, pêche 30%, mangue 8%, antioxydant : acide ascorbique.|212|0.5|10.1|2|0.5|0.0254|||||||||||||||||0||E300 - Acide ascorbique|
Desserts|Paquito,Intermarché,Sélection Intermarché|Pocket 5 Fruits|a|Pomme 70%, fraise 16%, sucre, mure 4%, framboise 3%, myrtille 2%, antioxydant :acide ascorbique.|265|0.3|13.1|1.4|0.2|1e-05|||||||||||||||||0||E300 - Acide ascorbique|
Desserts|Paturages|Crème aux oeufs saveur vanille|c|Lait entier, ceufs frais, sucre, crème, poudre de lait écrémé, amidon de maïs, amidon transformé de pomme de terre, arômes, colorant: caroténoïdes. INFORMATIONS :|649|6.8|17.8|0|3.8|0.11|||||||||||||||||0||E14XX - Amidons modifiés,E160 - Caroténoïdes|
Desserts|Picard|Verrine Fruits du Verger|c|Compotée de pêche blanche avec cube de pomme 42 % [purée de pêche blanche sucrée, cube de pomme semi-confit], cube de fraise semi-confite 31 %, compotée de rhubarbe 26.5 %, zeste de citron semi-confit.|502|0.5|28|2.4|0.8|0.01|||||||||||||||||0||E330 - Acide citrique,E407 - Carraghénanes|
Fromages de France|U Saveurs, U|Mimolette vieille au lait pasteurisé 29% de MG|e|LAIT de vache pasteurisé, sel, ferments, présure, colorant : rocou, conservateur : lysozyme d'OEUF.|1660|29|1.5|0|33|3||||||||||||0.793|||||0|en:eggs,en:milk|E1105 - Lysozyme,E160b - Rocou|
Fromages de France|U Saveurs, U|Chabichou du Poitou AOP au lait de chèvre pasteurisé 25 %MG|d|Lait de chèvre pasteurisé, sel, ferments, présure|1325|25|0|0|22|1.5|||||||||||||||||0|en:milk||
Fromages de France|U Saveurs, U|Fromage de chèvre au lait cru AOP Sainte-Maure 22% de MG|d|LAIT cru de chèvre, sel, colorant: charbon végétal, présure, ferments lactiques et fongiques.|1137|22|1|0|18|1.3|||||||||||||||||0|en:milk|E153 - Charbon végétal médicinal|
Fromages de France|Winny|Petit Brie|d|_Lait_ pasteurisé de vache, sel, ferments.|1453|31|0.5||17|1.6|||||||||||||||||0|Lait||
Fromages de France|Winny|Brie|e|_Lait_ pasteurisé de vache, sel, ferments.|1453|31|0.5||1.7|1.4|||||||||||||||||0|Lait||
Fromages de France|Winny|Coulommiers|d|_Lait_ pasteurisé de vache, sel, ferments.|1174|23|0.5||18|1.5|||||||||||||||||0|Lait||
Fromages de France|Wälchli|Saint Nectaire 45 % Aoc Petit Rond|d|_Lait_ pasteurisé, sel, ferments _lactiques_ et d'affinage, présure, chlorure de calcium.|1477|29|0||23|1.4|||||||||||||||||0|Lait, lactiques||
Fromages de France|rochambeau|Comté|d|_Lait_ cru, sel, ferments lactiques, présure.|1700|34|0||26|0.8|||||||||||||||||0|en:milk||
Fromages de vache|Ambassador|Camembert au lait pasteurisé|d|Camembert au _lait_ pasteurisé|1100|21|0||19|1.3|||||||||||||||||0|lait||
Fromages de vache|Apérivrais|Aux Olives Poivron - Thym - Oignon - Origan|d|Ingrédients du fromage : _Lait_, crème de lait, sel, olives vertes et noires, ail, poivres, ferments lactiques, arômes. Ingrédients des épices et aromates :: poivron rouge, thym, oignon, basilic, origan, persil, olive verte, ail, huile de tournesol, arôme|1351|31|3||9|1.3|||||||||||||||||0|Lait|E392 - Extrait de romarin,E579 - Gluconate ferreux|
Fromages de vache|Apérivrais|Goût Saumon|d|_Lait_, _crème_ de _lait_, sel, paprika, arôme et arôme de fumée, _poissons_ déshydratés, tomate, oignon, aneth, poivron rouge, ferments lactiques. Herbes aromatiques, légumes, graines de pavot, _moutarde_, _crevette_, poivres, sel, saccharose, extrait de levure, huile de tournesol, huile de colza, arômes.|1314|30|3||9|1.5|||||||||||||||||0|Lait, crème, lait, lait, poissons, saumon, cabillaud, moutarde, crevette, oeuf, moutarde, crustacé||
Fromages de vache|Apérivrais|Peuchère l'olive|d|_Lait_, _crème_ de _lait_, sauce tomates confites, sel, ferments lactiques.|1368|31|3||9|1.3|||||||||||||||||0|Lait, crème, lait||
Fromages de vache|Auchan|Camembert Moulé à la louche au lait de Normandie|d|Lait thermisé - température inférieure à la pasteurisation, sel, ferments lactiques et d'affinąge, présure Elaboré à partir de lait origine France.|1154|22|0.5|0|20|1.7|||||||||||||||||0|en:milk||
Fromages de vache|Auchan|Meule Fruitée|d|_Lait_ pasteurisé de vache, sel, _ferments lactiques_, coagulant.|1774|35|0.5||27|1.3|||||||||||||||||0|Lait, ferments lactiques||
Fromages de vache|Auchan|Meule fruitée|d|_Lait_ pasteurisé de vache, sel, ferments lactiques, coagulant|1760|35|0||27|1|||||||||||||||||0|Lait||
Fromages de vache|Auchan|Râpé pour pizza|d|Mozzarella 49%: _lait_ pasteurisé de vache. sel. ferments lactiques. coagulant; fromage à pâte pressée non cuite 49%: _lait_ pasteurisé de vache. sel. ferments lactiques, coagulant; anti-agglomérant: amidon de pomme de terre 2%.|1347|24|1||25|0.9|||||||||||||||||0|lait, lait||
Fromages de vache|Bel,Fromageries Bel,Babybel|Mini Babybel x12|d|_lait_, sel, ferments _lactiques_, coagulant.|1226|23|0|0|21.5|1.8||||||||||||0.68|||||0|lait, lactiques||
Fromages de vache|Belle France|Camembert|d|_lait_ de vache, ferments lactiques et d'affinage, sel, présure.|1172|22|0.5||20|1.5|||||||||||||||||0|lait||
Fromages de vache|Belle France|Camembert Caractere|d|_lait_ de vache pasteurisé, sel, ferments.|1100|21|0||19|1.4||||||||||||0.425|||||0|lait||
Fromages de vache|Belle France|Fromage mi-chèvre|d|_lait_ de chèvre pasteurisé, _lait_ de vache pasteurisé, sel, ferments.|1268|25|0.5||19|1.5|||||||||||||||||0|lait, lait||
Fromages de vache|Bien vu|Raclette en tranches|d|_Lait_ de vache pasteurisé, sel, ferments, coagulant microbien, conservateur de surface : natamycine, colorants de la croûte : rocou - E150C.|1427|28|0.5|0|23|1.75|||||||||||||||||0|Lait|E150c - Caramel ammoniacal,E160b - Rocou,E235 - Natamycine|
Fromages de vache|Bio Village,Marque Repère|Brique au lait entier vache|d|_Lait_* de vache pasteurisé, sel, ferments. *Ingrédient issu de l'agriculture biologique.|1248|25|0.5|0.5|18|1.4|||||||||||||||||0|en:milk||
Fromages de vache|Bonneterre|Camembert Sélection|d|_Lait_ de vache biologique, sel, ferments, présure, chlorure de calcium.|1180|22|0.5||21|1.7|||||||||||||||||0|Lait, lait||
Fromages de vache|Bonneterre|Le Petit Tendre|d|_Lait_ pasteurisé 93 %, _crème_ pasteurisée 5 %, sel, ferments lactiques.|1375|29|0.5||18.7|1.1|||||||||||||||||0|Lait, crème, lait||
Fromages de vache|Bourdin|Brousse au lait entier|c|_Lait_ de vache pasteurisé, lactosérum, sel, acidifiant : E260.|816|15|3|0.5|11|0.65|||||||||||||||||0|en:milk|E260 - Acide acétique|
Fromages de vache|Bresse Bleu,Savencia|Suprême|d|_Lait_ pasteurisé, _crème_, sel, ferments.|1480|31|0.2||19|1.2||||||||||||0.4|||||0|en:milk||
Fromages de vache|Caprice des Dieux|Caprice des Anges|d|_Lait_ de vache pasteurisé de France, _crème_, sel, ferments lactiques.|418|24|2.5||5|1.2|||||||||||||||||0|Lait, crème||
Fromages de vache|Carrefour|Bleu fondant|d|_Lait_ pasteurisé de vache, _crème_ pasteurisée, sel, enzyme coagulante, ferments _lactiques_.|1644|35|0||18|2.2|||||||||||||||||0|Lait, crème, lactiques||
Fromages de vache|Carrefour|Raclette Ail|d|Lait pasteurisé de vache, sel, ail en poudre 0.5%, coagulant microbien, ferments lactiques et d'affinage, conservateur: natamycine.|1370|26|0.5|0|23|1.7|||||||||||||||||0|Lait, lactiques|E235 - Natamycine|
Fromages de vache|Carrefour|Tranches gourmandes spécial Sandwich|d|_Lait_ pasteurisé de vache, sel, coagulant microbien, ferments _lactiques_ et d'affinage|1446|31|0||17|1.4|||||||||||||||||0|Lait, lactiques||
Fromages de vache|Casino|Fromage sans croûte pour repas raclette|d|_Lait_ de vache pasteurisé, sel, ferments lactiques, enzymes coagulantes, conservateur: natamycine.|1415|28|1||26|1.4|||||||||||||||||0|Lait, lait|E235 - Natamycine|
Fromages de vache|Chaumes|L'Original|d|_Lait_ de vache pasteurisé, sel, ferments, colorant de croûte : bêta-carotène d'origine naturelle.|1265|25|0.5||20|2|||||||||||||||||0|Lait|E160a - Bêta-carotène,E160ai - Bêta-carotène|
Fromages de vache|Chaussée aux Moines|Chaussée aux Moines|d|_Lait_, sel, ferments, conservateur : E235.|1265|25|0||20|1.6||||||||||||0.575|||||0|Lait|E235 - Natamycine|
Fromages de vache|Chêne d'Argent,Lidl|Camembert|d|_Lait_* de vache pasteurisé, sel, ferments. *issu de l'agriculture biologique.|1134|21|0.5||19|1.3|||||||||||||||||0|Lait, Lait||
Fromages de vache|Coeur de Lion,CF&R|Camembert|d|Camembert au _lait_ pasteurisé|1423|30|7||30|1|||||||||||||||||0|en:milk||
Fromages de vache|Cora|Bleu crémeux|e|_Lait_, sel, ferments _lactiques_ et d'affinage, présure, chlorure de calcium, Penicillium roqueforti.|1548|34.3|0|0|15.4|2.4|||||||||||||||||0|Lait, lactiques||
Fromages de vache|Cœur Basque|Tommette basque de vache|e|_lait_ de vache, sel, enzyme coagulante, ferments.|1741|33|0.5||24|2.5|||||||||||||||||0|lait||
Fromages de vache|Destrier|Bâton de fromage|d|_Lait_ de vache pasteurisé, crème de chèvre pasteurisé 6%, sel, ferments|1389|28|0.5|0|20|1.4|||||||||||||||||0|Lait||
Fromages de vache|Dia|Bleu fondant|e|_lait_ pasteurisé de vache, sel, ferments lactiques, enzyme coagulante, penicillium|1544|33|0.5||19|2.5|||||||||||||||||0|lait||
Fromages de vache|Dia|Fromage mi-Chèvre|d|_Lait_ de chèvre pasteurisé, lait de vache pasteurisé, sel, ferments lactiques, flore d'affinage, présure.|1285|26|1|0|18|1.143|||||||||||||||||0|Lait||
Fromages de vache|Distral|Sechons de vache|b|lait cru|1648|36|0||16.5|0.65|||||||||||||||||0|||
Fromages de vache|E. Graindorge,Eugène Graindorge|Petit Camembert au lait cru|d|_Lait_ de vache cru, sel, ferments, présure.|1209|23|0.5||21|1.6|||||||||||||||||0|Lait, lait||
Fromages de vache|Eco+|Saint-Paulin|d|_Lait_ de vache pasteurisé, sel, ferments, coagulant, plastifiant alimentaire de croûte. Croûte non consommable.|1251|23|1|0|22|1.7|||||||||||||||||0|Lait, lait|E160b - Rocou,E235 - Natamycine|
Fromages de vache|Elle & Vire,Savencia|Carré frais|d|_Lait_ écrémé biologique, _crème_ biologique, sel, ferments lactiques|866|17|2.5||11|1.32|||||||||||||||||0|en:milk||
Fromages de vache|Ensemble,Biocoop|Camembert|d|_lait_ de vache pasteurisé partiellement écrémé, présure animale, ferments _lactiques_, sel.|1179|22|0||20.5|1.5|||||||||||||||||0|lait, lactiques||
Fromages de vache|EntreMont|Raclette Saveur d'Antan|d|_lait_ de vache pasteurisé, sel, ferments lactiques, coagulant, conservateur de surface : E235.|1447|29|0.5||22|1.8|||||||||||||||||0|lait|E235 - Natamycine|
Fromages de vache|Fol Epi,Savencia|Extra Fines Classic|d|_lait_de vache pasteurisé, sel, ferments, colorants de croûte : annatto, caramel.|1498|29|0.5||25|1.4|||||||||||||||||0|en:milk|E150 - Caramel,E160b - Rocou|
Fromages de vache|Fromagerie Gaugry|Saint Vincent|d|_Lait_ pasteurisé, sel, ferments lactiques et d'affinage, présure, marc de Bourgogne.|1206|25|0||16|2.23|||||||||||||||||0|Lait||
Fromages de vache|Fromagerie Jacquin & Fils,P. Jacquin & Fils|Fromage Olivet au foin|d|_Lait_ de vache, ferments, sel, foin, coagulant.|1163|22|0.5||20|1.5|||||||||||||||||0|Lait||
Fromages de vache|Fromagerie Lebail|Petits Beaujolais des gourmets x6|d|LAIT, ferments lactiques, présure, sel.|2188|40|8||29|0.8|||||||||||||||||0|LAIT||
Fromages de vache|Fromagerie Saint-Denis|Fromage Fort|c|_Lait_ caillé pasteurisé, emmental au lait cru, bleu. Origine France.|858|16.5|1.4||11.95|1.1|||||||||||||||||0|Lait||
Fromages de vache|Fromagerie de l'Aire des Sully|Le Petit Millevaches|c|_Lait_, ferments lactiques et d'affinage, affermissant : E509. conservateur : E1105.|1552|30|0.59||22|0.15|||||||||||||||||0|Lait, œuf, ferments lactiques|E1105 - Lysozyme,E509 - Chlorure de calcium|
Fromages de vache|Fromagerie de la Côte d'Opale|Le Petit Touquet|d|_Lait_ de vache pasteurisé, ferments, présure, sel, chapelure, bière, conservateur : lysozyme, colorant naturel de surface : rocou.|1616|32|0.6||21.3|1.63|||||||||||||||||0|Lait, gluten, lait, gluten, oeufs|E1105 - Lysozyme,E160b - Rocou|
Fromages de vache|Fromagerie guilloteau|Pavé du Vivarois|d|_lait_ de vache pasteurisé, ferments _lactiques_ et d'affinage, sel, coagulant.|1075|20|1|0|16|1.5|||||||||||||||||0|lait, lactiques||
Fromages de vache|Fromageries Lescure|Fromage bio Mottin Charentais|d|_Lait_ et _crème_ de vache pasteurisés biologiques, sel, ferments|1598|35|0.5||15.8|1.1|||||||||||||||||0|en:milk||
Fromages de vache|Gillot|Camembert à cuire au four|d|Camembert au _lait_ pasteurisé 45 % MG sur extrait sec ou 24 % MG sur poids total, chapelure.|1313|24|0.5||21|1.8|||||||||||||||||0|lait||
Fromages de vache|Granarolo France|Bouchons du lyonnais pour apéritif au lait thermisé|d|LAITentier thermisé, sel, ferments, présure.|2084|40|2.1||30|1.5|||||||||||||||||0|LAIT, LAIT||
Fromages de vache|Grandjean|Roche Vache sec|d|LAIT cru de vache, sel, présure, ferments lactiques.|2024|39|1||28|1.5|||||||||||||||||0|LAIT||
Fromages de vache|Isigny Ste Mère|Petit camembert aux truffes|d|_Lait_ de vache microfiltré, sel, ferments, présures, truffes 3.8 %, _crème_ d'Isigny AOP.|1107|21|1||20|1.7|||||||||||||||||0|Lait, crème||
Fromages de vache|Jacquin,Fromagerie Jacquin & Fils,P. Jacquin & Fils|Olivet cendré|d|_Lait_ de vache pasteurisé, sel, présure, ferments, chlorure de calcium, charbon végétal.|1163|22|0.5||20|1.5|||||||||||||||||0|Lait|E153 - Charbon végétal médicinal|
Fromages de vache|Jean Perrin|Val de Lou|d|LAIT de vache pasteurisé, sel, ferments lactiques, enzyme coagulante.|1402|33|2.3||8.6|1.2|||||||||||||||||0|LAIT||
Fromages de vache|Jean Perrin|Val de Lou Noisettes grillées|d|LAIT pasteurisé de vache, NOISETTES hachée grillée 9 %, sel, ferments lactiques, enzyme coagulante.|1402|33|2.3||8.6|1.2|||||||||||||||||0|LAIT, NOISETTES||
Fromages de vache|Jean Perrin|Le Sapin|d|LAIT pasteurisé de vache, sel, ferments lactiques, enzyme coagulante|1308|26|0.5||17|1.4|||||||||||||||||0|LAIT||
Fromages de vache|Jean Perrin|L'Edel de Cléron aux truffes|d|LAIT pasteurisé de vache, truffes noires 4 %, sel, ferments lactiques, enzyme coagulante.|1440|31|0.5||17|1.8|||||||||||||||||0|LAIT||
Fromages de vache|Jeune Montagne|Tome fraîche de l'Aubrac|c|LAIT cru et entier, présure, ferments lactiques.|1410|27|0.5||22|0.08|||||||||||||||||0|LAIT||
Fromages de vache|La Ferme de Crequy|Rollot fermier|e|_Lait_ entier thermisé de vache, ferments, présure, sel.|1435|26|0.01||28.2|2.5|||||||||||||||||0|Lait||
Fromages de vache|La Ferme du Pont des Loups|T'chiot Biloute affiné à la bière|d|_Lait_ cru, ferments lactiques, sel, présure, chapelure, bière, roucou.|1335|29|0.4||21|2.01|||||||||||||||||0|en:gluten,en:milk|E160b - Rocou|
Fromages de vache|La colombière|Tommette des Alpes|d|_LAIT_ de vache entier et pasteurisé, sel, présure, ferments, chlorure de calcium.|1498|30|0.1||22|1.4|||||||||||||||||0|LAIT, lait, LAIT||
Fromages de vache|La maison du gruyère|Le Vosgien|d|_Lait_ de vache pasteurisé, _crème_, ferments, sel, présure|1478|31.5|0.3||16.8|1.3|||||||||||||||||0|Lait, crème||
Fromages de vache|Laqueuille,Société Laitière de Laqueuille|Bleu D'auvergne Bio|e|_Lait_ issu de l'agriculture biologique française, sel, ferments.|1477|29|0.5||19|2.90000000000001|||||||||||||||||0|Lait||
Fromages de vache|Le Coq de Bruyère|Fromage au lait pasteurisé|d|_Lait_ de vache pasteurisé, _crème_, ferments, sel, présure.|1358|28.1|0.3||16.8|1.2|||||||||||||||||0|Lait, crème||
Fromages de vache|Le Curé Nantais|Fromage du Curé|d|LAIT de vache entier cru, sel, ferments, présure.|1305|25|0.5||22|1.73|||||||||||||||||0|LAIT||
Fromages de vache|Le Pavé de l'Helpe|Le Pavé de l'Helpe affiné à la bière de Jenlain|d|_Lait_ de vache pasteurisé, ferments lactiques, sel, présure, affiné à la bière de Jeanlain.|1420|26|0.5||22.6|2.2||||||||||||0.5|||||0|Lait||
Fromages de vache|Leader Price|Camembert|d|_Lait_ de vache pasteurisé, sel, ferments lactiques et d'affinage, coagulant enzymatique.|1100|21|0||19|1.3|||||||||||||||||0|Lait||
Fromages de vache|Leader Price|Fromage à raclette|d|lait pasteurisé, sel, coagulant, ferments, colorants: carmin de cochenille, rocou, conservateurs : natamycine, lysozyme d'oeuf|1410|27|0.5|0|23.3|1.8|||||||||||||||||0||E1105 - Lysozyme,E120 - Acide carminique,E160b - Rocou,E235 - Natamycine|
Fromages de vache|Leader Price|Le vieux colombier|d|_lait_ de vache pasteurisé, sel, ferments lactiques et d'affinage, présure animale|1134|21|0.1||20|1.6|||||||||||||||||0|lait, lait||
Fromages de vache|Leader Price|Dés Ail et Fines Herbes|d|Lait et crème pasteurisés, sel, épaississant : E 1442. ail 0.7%, fines herbes 0.2%, poivre, lactose, conservateur : E200. acidifiant : E330. ferments lactiques, extrait naturel de romarin.|1442|33|2.5|1|8.5|1.4224|||||||||||||||||0||E1442 - Phosphate de diamidon hydroxypropyle,E200 - Acide sorbique,E330 - Acide citrique|
Fromages de vache|Leader Price|Gruyère IGP France|d|Gruyère.|1614|32|0.5|0|25|1.00076|||||||||||||||||0|||
Fromages de vache|Leader Price|Petit Camembert|d|_Lait_ de vache pasteurisé, sel, ferments lactiques et d'affinage, coagulant microbien ou présure animale.|1184|23|0.2||18|1.1|||||||||||||||||0|||
Fromages de vache|Les Croisés,Marque Repère|Coeur de Crème double crème|d|_Lait_ et _crème_ pasteurisés, sel, présure, ferments lactiqueset ferments d'affinages.|1510|32.5|1|0.1|17|1.3|||||||||||||||||0|en:milk||
Fromages de vache|Les Croisés,Marque Repère|La Raclette|d|_Lait_ de vache pasteurisé; sel ; coagulant ; ferments; colorant de la croûte : rocou ; conservateur de la croûte : E235.|1381|26|0.5|0.5|23|1.7|||||||||||||||||0|Lait, lait|E160b - Rocou,E235 - Natamycine|
Fromages de vache|Les Croisés,Marque Repère|Raclette Fumée|d|_Lait_ pasteurisé de vache, sel, coagulant, ferments, colorant de la croûte : rocou, conservateur de la croûte : E235.|1255|26|0.5|0.5|23|1.7|||||||||||||||||0|Lait, lait|E160b - Rocou,E235 - Natamycine|
Fromages de vache|Les Croisés,Marque Repère|Saint Cremeux|d|_Lait_ de vache pasteurisé, _crème_ pasteurisée, sel, ferments _lactiques_ et d'affinage, coagulant.|1611|37|1|0|12|1.21|||||||||||||||||0|Lait, crème, lactiques||
Fromages de vache|Les délices d'Amélie|Tranchettes Cheddar|d|_Lait_ de vache pasteurisé, sel, ferments _lactiques_, enzymes coagulantes, colorant : E160b.|1715|34|0||24|1.3|||||||||||||||||0|Lait, lactiques|E160b - Rocou|
Fromages de vache|Les délices d'amelie,Centurion Fromagers|Les Délices d'Amélie Cossettes de mozzarella|d|Mozzarella[LAIT pasteurisé de vache, sel, ferments LACTIQUES, enzyme coagulante], fécule de pomme de terre.|1293|22|2.5||25|1.5|||||||||||||||||0|LAIT, LACTIQUES||
Fromages de vache|Les frères Bernard|Dome de boulogne|d|_Lait_ de vache cru, _crème_, sel, ferments lactiques, présure, fleurs de surface.|1331|28.74|1.4||20.66|0.96|||||||||||||||||0|Lait, crème, ferments lactiques||
Fromages de vache|Maîtres Laitiers en Normandie|Saint-Paulin|d|_Lait_ pasteurisé ; sel ; ferments lactiques ; conservateur de la croûte : E235 ; colorants de la croûte : E160b et E172.|1247|23|0||23.3|1.88|||||||||||||||||0|Lait|E160b - Rocou,E172 - Oxyde de fer,E235 - Natamycine|
Fromages de vache|Moulin d'Or|Gouda Mimolette râpé|d|GOUDA : _Lait_ de vache pasteurisé, sel, ferments lactiques, enzyme coagulante, colorant : E160a. MIMOLETTE : _Lait_ de vache pasteurisé, sel, ferments lactiques, enzyme coagulante, colorant : E160b, conservateur : E1105. Agent anti-mottant : fécule de pomme de terre.|1456|26.5|4||24|1.9|||||||||||||||||0|Lait, lait, lactose, Lait, lait, lactose, oeuf, GOUDA, MIMOLETTE|E1105 - Lysozyme,E160a - Bêta-carotène,E160b - Rocou|
Fromages de vache|Nature Bio|Camembert moulé à la louche|d|_Lait_ microfiltré - sel - ferments _lactiques_ et d'affinage - présure.|1180|22|0.5|0|21|1.7|||||||||||||||||0|Lait, lactiques||
Fromages de vache|Naturellement Bio,Société laitière de Laqueuille|Bleu d'Auvergne|e|_Lait_ issu de l'Agriculture Biologique Française, sel, ferments|1405|29|0.5||19|2.9|||||||||||||||||0|Lait||
Fromages de vache|Netto|Camembert|d|lait de vache pasteurisé, sel, ferments, présure|1063|20|0.5|0|18|1.4|||||||||||||||||0|||
Fromages de vache|Nos Régions ont du Talent, Leclerc|Camembert d'Isigny|d|_Lait_, sel, ferments _lactiques_ et d'affinage, présure.|1180|22|0.5|0|21|1.6|||||||||||||||||0|||
Fromages de vache|Pave d affinois,Pavé d'Affinois,Fromagerie Guilloteau|Pavé d'Affinois|d|Fromage au _lait_ de vache pasteurisé.|1075|21|1|0|16|1.5|||||||||||||||||0|lait||
Fromages de vache|Pavé d'Affinois,Fromagerie Guilloteau|Bleu Doux & Onctueux|d|_Lait_ de vache pasteurisé, _crème_, ferments _lactiques_ et d'affinage, coagulant.|1753|41|0.5||12|1.3||||||||||||0.33|||||0|Lait, crème, lactiques||
Fromages de vache|Paysange|L'ortolan bio|d|98 % _lait_ de vache biologique pasteurisé, sel, ferments lactiques.|1377|28|0.5||18.46|1.2|||||||||||||||||0|Lait||
Fromages de vache|Paysange|L'Ortolan Équilibre|c|Fromage à pâte molle au _lait_ de vache pasteurisé.|1167|20|0.2|0|21.9|0.92|||||||||||||||||0|lait||
Fromages de vache|Pouce,Auchan|Fromage pâte molle|d|_Lait_ pasteurisé de vache, sel, ferments lactiques et d'affinage, coagulant|1100|21|0.5||19|1.3|||||||||||||||||0|Lait||
Fromages de vache|Pouce,Auchan|Raclette|d|_Lait_ de vache pasteurisé, ferments lactiques, sel, coagulant, conservateurs, colorants de croûte, caramel ordinaire|1456|28|0||24|1.78|||||||||||||||||0|Lait|E150a - Caramel E150a,E235 - Natamycine|
Fromages de vache|Président|Camembert en portions|d|Lait, ferments lactiques et d'affinage, sel.|1100|20|0||19|1.3||||||||||||0.5|||||0|en:milk||
Fromages de vache|Pâturages|Fromage sans croûte|d|_Lait_ pasteurisé, sel, ferments lactiques, coagulant, chlorure de calcium, conservateur : E235.|1460|28|0||25.1|2.21|||||||||||||||||0|Lait|E235 - Natamycine|
Fromages de vache|Pâturages|Paturages Camemb D Champs|d|_Lait_ de vache pasteurisé, sel, présure, ferments lactiques et d'affinage.|1117|21|0.5||19|1.6||||||||||||0.45|||||0|Lait||
Fromages de vache|Pâturages,Sélection Les Mousquetaires|Petit Camembert|d|_Lait_ de vache pasteurisé, ferments lactiques et d'affinage, sel, présure.|1172|22|0.5|0|20|1.5|||||||||||||||||0|Lait||
Fromages de vache|Père Michel|Fromage à Pâte Molle|d|_lait_ pasteurisé, sel, présure animale, cultures, colorants.|1552|34|0.5||17|1.3|||||||||||||||||0|lait|E160 - Caroténoïdes|
Fromages de vache|Père Toinou|Camembert|d|_Lait_ de vache pasteurisé, crème, sel, ferments lactiques et d'affinage, enzyme coagulante.|1226|24|0.1||20|1.4||||||||||||0.4|||||0|Lait||
Fromages de vache|Richesmonts|La Raclette classique -25 % de sel|d|Lait pasteurisé de vache, sel, ferments, colorants de la croûte : E160b, E120. conservateur : E235.|1362|26|0.1||23|1.19888||||||||||||0.68|||||0||E120 - Acide carminique,E160b - Rocou,E235 - Natamycine|
Fromages de vache|Richesmonts|Fromage a tartiflette fumé|d|_Lait_, ferments, sel.|1414|30|0.03||17|1.5|||||||||||||||||0|Lait, lait||
Fromages de vache|Richesmonts|La Raclette sans croûte|d|_lait_ pasteurisé de vache, sel, ferments.|1362|26|0.1||23|1.7|||||||||||||||||0|lait||
Fromages de vache|Saint Albray|Saint Albray|d|_Lait_ pasteurisé, sel, ferments, colorants de croûte : bêta-carotène, E160e.|1510|33|0.5||17|1.3|||||||||||||||||0|Lait|E160a - Bêta-carotène,E160ai - Bêta-carotène,E160e - Apocaroténal 8'|
Fromages de vache|Savall|Le petit Orléanais|d|Lait de vache, sel, enzyme coagulant, ferments.|1095|20|0.5||20.4|1.8|||||||||||||||||0|||
Fromages de vache|Saveur d'Antan,SE Chavegrand|Camembert de Caractère|d|_Lait_ de vache thermisé, sel, ferments lactiques et d'affinage.|1248|25|0.1||19|1.5|||||||||||||||||0|Lait, lait||
Fromages de vache|Simplement Bon et Bio|Camembert|d|lait de vache pasteurisé*, sel, ferments lactiques et d'affinage.|1209|23|0.5||20|1.3|||||||||||||||||0|||
Fromages de vache|Société Laitière de Vichy|Gaperon ficelle du Tone|d|_LAIT_, _CRÈME_, ferments _LACTIQUES_ et d'affinage, ail, sel, poivre, calcium, présure.|1372|28|1||19|1|||||||||||||||||0|LAIT, CRÈME, LACTIQUES, LAIT, LACTIQUES||
Fromages de vache|St Moret,St Môret apéritif|Apéritif 24 Billes au coeur de Tomates|d|_Lait_,_crème_, fourrage tomate 12%, eau, concentré de purée de tomate, ail, huile d'olive, saccharose, amidon, origan, tomates séchées, sel, piment de cayenne, poivre noir, arôme naturel), sel, sorbate de potassium.|1239|27|3.4||8|1.4|||||||||||||||||0|Lait, crème|E202 - Sorbate de potassium|
Fromages de vache|St-Môret|Apéritif - 24 billes au cœur de figue.|d|_Lait_, _crème_, fourrage figue 10 %, saccharose, eau, amidon, jus de citron concentré, arôme naturel, jus concentré de carotte), sel, sorbate de potassium.|1297|28|6.2||8|1.2|||||||||||||||||0|Lait, crème|E202 - Sorbate de potassium|
Fromages de vache|U|Fromage au lait pasteurise AOP Bleu des Causses 30% de MG|e|LAIT de vache pasteurisé, sel, ferments, présure.|1450|30|0|0|20|3.4|||||||||||||||||0|en:milk||
Fromages de vache|U|Raclette au lait pasteurisé tranchée sans croûte 28% de MG|d|LAIT de vache pasteurisé, sel, ferments, coagulant, conservateur de surface : natamycine.|1427|28|0|1.2|23|1.75||||||||||||0.6|||||0|en:milk|E235 - Natamycine|
Fromages de vache|Val de Lou|Val de Lou Ciboulette|d|LAIT pasteurisé de vache, ciboulette 1 %, sel, ferments lactiques, enzyme coagulante.|1402|33|2.3||8.6|1.2|||||||||||||||||0|LAIT||
Fromages de vache|Vaubernier|Camembert Main'Or|d|_Lait_ pasteurisé.|1172|22|0.5|0|20|1.4|||||||||||||||||0|Lait||
Fromages de vache|Vieux Porche|Camembert|d|_Lait_ de vache pasteurisé, sel, ferments lactiques et d'affinage, présure.|1046|20|0.1||18|1.4|||||||||||||||||0|Lait, lait||
Fromages de vache|Winny|Double crème|d|_Lait_ de vache pasteurisé, sel, ferments lactiques et d'affinage, présure.|1390.5|30|0.1||16.5|1.3|||||||||||||||||0|Lait||
Fromages de vache|Winny|Raclette en tranchettes|d|_Lait_ pasteurisé de vache - sel - ferments - colorants: E160b, E120 - conservateur : E235|1370|26|0.5||23|1.9|||||||||||||||||0|Lait|E120 - Acide carminique,E160b - Rocou,E235 - Natamycine|
Fromages de vache|Étoile d'Or|Raclette sans croûte|d|_Lait_ de vache pasteurisé, sel, ferments, coagulant fongique|1381|26|0.5||23|1.7|||||||||||||||||0|Lait, lait||
Fromages de vache|Étoile d'Or|Raclette en tranchettes|d|lait pasteurisé de vache, sel,ferments. croûte: colorants rocou,caremins et natamycine; conservateurs:lysozyme d'oeuf, coagulants:microbien.|1381|26|0.5||23|1.7|||||||||||||||||0||E1105 - Lysozyme,E120 - Acide carminique,E160b - Rocou|
Fromages de vache|Étoile du Vercors|Saint-Marcellin|d|Lait thermisé|1138|23|0.6||16|1.6|||||||||||||||||0|||
Fruits|Bee Pink|6 Pommes Pink Lady|a|Pommes|218|0.5|12.3||0.5|0.01|||||||||||||||||0|||
Fruits|Bio je t'aime|Marrons cuits bio|a|Marrons bio, eau|741|1.3|8.3||2.6|0.1|||||||||||||||||0|||
Fruits|Carrefour|Pommes bio|a|Pommes variété : golden. Catégorie 2.|0|0.2|12||0.3|0|||||||||||||||||0|||
Fruits|Daco Bello|Fruits rouges Daco Bello|c|Ingrédients en proportions variables : cranberries, cerises dénoyautées.|1440|1.9|63.5|5.8|0.9|0.02|||0.0018||||||||||||||0|||
Fruits|Eifel,Les fruits rouges de l'Aisne|Framboises|a|Framboises.|276|0.8|5.52||1.5|0|||||||||||||||||0|||
Fruits|Grand Frais|Duo Pommes Ananas|a|Pomme, ananas, antioxydant : ascorbate de calcium.|204|0.296|9.62||0.466|0.1|||||||||||||||||0||E302 - Ascorbate de calcium|
Fruits|Grand Frais|Noix de Coco|c|Noix de coco.|1521|36.8|0.9||3.6|0.08|||||||||||||||||0|||
Fruits|Happy bio|Super Muesli fruits rouges et chia|a|flocons d'AVOINE, flocons d'ORGE toastés, flocons de SEIGLE toastés, flocons de Blé toastés, raisins sultanines;, fruits'; rouges, graines de tournesol';, graines de chia'. huile de tournesol';, sucre';, jus de pomme. ';Produit issu de l'agriculture biologique.|1520|5.8|15|10|11|0.02|||||||||||||||||0|||
Fruits|Jean-Louis Bassinet|Melons lamelles|c|Sucre, melon, acide citrique : E330. conservateur : E220.|1481|0|72||0|0|||||||||||||||||0||E220 - Anhydride sulfureux,E330 - Acide citrique|
Fruits|JusteBio,La Maison des Bistrots,La Maison des Bistrots Nature|Noix de Coco Râpée Bio|c|Noix de Coco râpée* *Produits issus de l'Agriculture Biologique certifiés par ECOCERT FR-BIO-01|2858|65|7.4|14|7.8|0.08|||||||||||||||||0|||
Fruits|Karma kombucha,Karma KFR|KARMA Kéfruit figue citron|b|eau osmosée, grains de kéfir de fruits, sucre de canne blond du Brésil, figues sèches 2.4%, jus de citron 0.6%, zestes de citron 0.5%,  sel|21|0|1.2|0|0|0.1|||||||||||||||||0|||
Fruits|L atelier des fruits et legumes,L'Atelier des Fruits et Légumes|Noix de Coco|c|Noix de coco|1544|36.8|0.9||3.6|0.08|||||||||||||||||0|||
Fruits|McDonald's|Trio de pommes|a|Pomme 100%, antioxydants : ascorbate de calcium, acide citrique.|225|0.25|11.2|2|0.25|0.0125|||||||||||||||||0||E302 - Ascorbate de calcium,E330 - Acide citrique|
Fruits|McDonald's,Florette Food Service|P'tite Nectarine|a|Nectarine, antioxydants : ascorbate de sodium, acide citrique.|194|0.3|7.9|1.7|1.1|0.01|||||||||||||||||0||E301 - Ascorbate de sodium,E330 - Acide citrique|
Fruits|Nos Régions Ont Du Talent|Pomme du Limousin A.O.P|a|Pommes Golden Delicious|222|0.162|11.3|1.95|0.31|0|||||||||||||||||0||E529 - Oxyde de calcium|
Fruits|Oscar|Kiwi Hayward bio|a|Kiwi, variété Hayward, calibre 95-105 g.|255|0.5|9|3|1.1|0|||||||||||||||||0|||
Fruits|Pink Lady|Pommes Variété Pink Lady|a|Pomme Pink Lady|259|0.5|12.3|0|0.5|0.01|||||||||||||||||0|||
Fruits|Sabarot|Framboises|a|Eau, framboises, sucre.|360|0.3|16|6.7|1.4|0.01|||||||||||||||||0|||
Fruits|Savéol|Les Freizh|a|Fraises, variété Cireine, catégorie extra.|146|0.018|4.73||0.65|0|||||||||||||||||0|||
Fruits|St Mamet|Airelles|a|Airelles sauvages, eau|155|0.38|0.2|0.63|0.5|0.027|||||||||||||||||0|||
Fruits|Tablier Blanc,Marque Repère|Noix de Coco Râpée|c|Noix de coco râpée.|2962|68.6|6.4|10.9|7.9|0.06|||||||||||||||||0|||
Fruits|Tasty Grany,Cofruid'oc|Granny Smith|a|Catégorie 1. Produit : Granny Smith. Calibre 150/180 g.|263|0.5|12.3||0.5|0.01|||||||||||||||||0|||
Fruits|U|Figues de Montagne|b| Figues sèches|1075|1.4|50.4|11.4|2.8|0.127|||||||||||||||||0|||
Fruits|U|Noix de coco rapée|c|Noix de coco râpée. Traces éventuelles d'arachides, oeuf, lait et fruits à coques|2797|66|6.4|14|7|0.04|||||||||||||||||0|||
Fruits|atlanpom|Pommes|a|Pommes GALA|226|0.58|10.31|2.02|0.34|0.03048|||||||||||||||||0|||
Fruits|cora|Pruneaux d'Agen|c|SANS CONSERVATEUR RÉHYDRATÉS INGREDIENTS: Pruneaux d'Agen- eau.Ap|962|0.5|37.9||2.4|0.01|||||||||||||||||0|||
Fruits secs|Alesto Fine|Mélange de fruits secs|a|_noisettes_ grillées, _amandes_ grillées, _noix de cajou_ grillées.  |2711|56|4.2|6.7|19|0.03|||||||||||||||||0|noisettes, amandes, noix de cajou||
Fruits secs|Auchan|Pruneaux|a|Pruneaux réhydratés à 35% d'humidité maximum, conservateur : acide sorbique. CONSEILS DE CONSERVATION : Avant ouverture : craint la chaleur et l'humidité.|1000|0.333|38|7|2|0.0333|||||||||||||||||0||E200 - Acide sorbique|
Fruits secs|Biothentic|BANANES CHIPS|d|bananes, huile de noix de coco, sucre de canne, miel|2172|34|35|8|2|0.015|||||||||||||||||0|||
Fruits secs|Brousse Verger|Baies de Goji|c|Baies de goji biologiques.|1452|3.2|53|10.2|11.1|1.4|||||||||||||||||0|||
Fruits secs|Brousse Vergez|Mini figues bio|a|Ingrédients biologiques. mini figues, farine de riz.|1117|0.69|13|0|6.13|0.0699999999999999|||||||||||||||||0|||
Fruits secs|Brousse Vergez|Mélange Super Fruits|c|Cranberries, sucre de canne, huile de tournesol, baies de goji, physalis, mûres blanches.|1429|2.9|59.8|10.3|4.2|0.8|||||||||||||||||0|||
Fruits secs|Brousse vergez|Papaye|d|Papaye, sucre, conservateur E223. Contient des _sulfites_.|1398|0.1|72.9||0.1|0.54|||||||||||||0.215||||0|sulfites|E223 - Disulfite de sodium|
Fruits secs|Brut De Coques|Mélange Fruits & Graines|a|CACAHUÈTES, raisins secs, ananas séchés sucrés, AMANDES avec peau, papayes séchées sucrées.|1837|23.1|35|5.4|12.4|0.1|||||||||||||||||0|AMANDES|E330 - Acide citrique|
Fruits secs|Carrefour|Abricots moelleux|a|Abricots secs, eau, antioxydant: anhydride sulfureux.|1063|0|21|6.7|2.1|0.06|||||||||||||||||0||E220 - Anhydride sulfureux|
Fruits secs|Carrefour|Crunchy Coco & Chocolat|d|Flocons d'avoine 32.5%, flocons de _blé_ 13.9%. noix de coco en lamelles et en poudre 12.3%, sucre, sirop de glucose, huile de palme, carré de chocolat noir 5%, farine de _blé_ 3.4%, farine de riz 1.4%, cacao maigre en poudre, sel, dextrose, émulsifiant : lécithines de _soja_, arôme. |2013|22|20|8.4|8.6|0.530000000000001|||||||||||||||||1|blé, blé, soja|E322 - Lécithines|
Fruits secs|Carrefour|Vitaminé Cranberries, Amandes, Raisins secs, Graines de courge Carrefour|b|Cranberriesséchées sucrées 40%, amandes 35%, raisins secs 15%, graines de courge grillées 10%. Peut contenir des traces de gluten, arachides, soja, lait, autres fruits à coque et céleri.|1854|24|38|7.9|14|0.02|||0.0098||||||||||0.163||||0|||
Fruits secs|Carrefour|Dattes avec noyaux|b|Dattes Deglet Nour Catégorie l, eau, sirop de glucose déshydraté 0.6%, émulsiﬁant : glycérol.  |1268|0|56|7.3|2.4|0.02|||||||||||||||||0||E422 - Glycérol|
Fruits secs|Carrefour|Dattes dénoyautées|b|Dattes dénoyautées Deglet Nour Catégorie I, eau, sirop de glucose déshydraté 0.6%, émulsifiant : glycérol.|1269|0|56|7.3|2.4|0.02|||||||||||||||||0||E422 - Glycérol|
Fruits secs|Comptoirs et Compagnies|Baies de Goji Biologiques|a|Baies de goji biologiques séchées au soleil.|1515|7.14|25|7.78|12.1|0|||||0.0184||0.00127|||||0.1125|||0.00842||0|||
Fruits secs|Comptoirs et compagnies,Comptoirs & Compagnies|Baies de goji|a|Baies de goji séchées.|1515|0|0|7.78|12.1|0|||||0.0184||0.00127|||||0.0125|||0.00842||0|||
Fruits secs|Comptoirs et compagnies,Comptoirs & Compagnies|Mix de Goji & Graines Biologiques|a|Baies de Goji séchées origine Tibet, Graines de courges, Graines de tournesol, Chips de coco grillées.|1920|5|2.34|9|17.8|0|||||||||||||||||0|||
Fruits secs|Cora|Pruneaux d'Agen très gros|a|Pruneaux d'Agen, eau.|962|0.5|37.9|5.8|2.4|0.01|||||||||||||||||0|||
Fruits secs|Coufidou|Pruneau d'Agen Bio|b|Pruneaux d'Agen Bio.|1070|0.2|37.9|5.83|2.36|0.01|||||||||||||||||0|||
Fruits secs|Couleurs Vives,Marque Repère|Abricots moelleux|a|Abricots secs dénoyautés 85%, eau, antioxydant : anhydride sulfureux ; conservateur : E202.|950|0.5|33|4.6|2.1|0.1|||||||||||||||||0||E202 - Sorbate de potassium,E220 - Anhydride sulfureux|
Fruits secs|Couleurs Vives,Marque Repère|Pruneaux d'Agen|a|Pruneaux d'Agen, eau.|983|0.5|36|6.6|1.5|0.02|||||||||||||||||0|||
Fruits secs|Couleurs Vives,Marque Repère|Dattes Deglet Nour|b|Dattes 98%, eau, sirop de glucose déshydraté 0.5%, émulsifiant : glycérol.|1313|0.5|63|6.6|2.1|0.02|||||||||||||||||0||E422 - Glycérol|
Fruits secs|Couleurs Vives,Marque Repère|Pruneaux d'Agen|b|Pruneaux d'Agen très gros dénoyautés, sans conservateur, pasteurisés, réhydratés à 35% d'humidité maximum.|1046|0.4|37|6.6|1.4|0.01|||||||||||||||||0|||
Fruits secs|Daco Bello|Cranberries|c|Cranberries séchées et sucrées Ingrédients Cranberries 60% sucre, huile de tournesol. Traces éventuelles d'arachide, de fruits a coque, de graines de sésame, de céréales contenant du gluten, d'anhydride sulfureux et de soja.|1397|0.8|71|4.7|0|0.02|||||||||||||||||0||E220 - Anhydride sulfureux|
Fruits secs|Daco Bello|Mix cranberries|b|Cranberries 53.5 %, _amandes_ décortiquées, cerneaux à _noix de pécan_.|2033|27.6|39.4|6.8|11.2|0|||0.0023||||||||||||||0|amandes, noix de pécan||
Fruits secs|Daco Bello|Mix rhubarbe|b|Rhubarbe 27 %, cranberries, _amandes_ émondées, raisins golden, cerneaux de _noix de pécan_.|1824|20.9|49.7|9.1|7.8|0|||||||||||||0.08||||0|amandes, anhydride sulfureux, noix de pécan|E220 - Anhydride sulfureux|
Fruits secs|Daco Bello|Trio de Raisins|c|Raisins blonds et rouges, raisins noirs|1364|0.5|72.1|4.3|2.4|0.03|||||||||||||||||0|anhydride sulfureux|E220 - Anhydride sulfureux|
Fruits secs|Daco bello|Graines & fruits|b|_Amandes_ décortiquées, raisins blonds, cranberries, cerneaux de _noix de pécan_.|2033|28.3|40.6|7.5|11.1|0.01|||||||||||||||||0|Amandes, anhydride sulfureux, noix de pécan|E220 - Anhydride sulfureux|
Fruits secs|Daco bello|Mix cerises|b|IngrédientsRaisins rouges, _noix de cajou_ crues, cerises dénoyautées 20 %, _amandes_ décortiquées grillées.|1820|21.9|44.5|5.1|7.8|0.02|||||||||||||||||0|anhydride sulfureux, noix de cajou, amandes|E220 - Anhydride sulfureux|
Fruits secs|Destination Saveurs|Raisins Golden|c|Raisins secs 99.5 %, huile de tournesol, conservateur : _anhydride sulfureux_.|1339|0.5|67|3.9|2.5|0.03|||||||||||||||||0||E220 - Anhydride sulfureux|
Fruits secs|Gerblé|Mulberry|c|Mulberries séchées|1510|3.3|72.1|10.3|3.3|0.0127|||0.0043||||||||||||||0|||
Fruits secs|Horeca Select|Mélange Grillé Salé et Raisins|c|Graines grillées salées 70 %, _noix de cajou_, _amandes_, huile de tournesol, sel), raisins secs 30 %.|2209|36.5|21.1||19.7|0.499999999999999|||||||||||||||||0|arachide, noix de cajou, amandes||
Fruits secs|Itinéraire des Saveurs,Intermarché|Pruneaux d'Agen Géants|a|Pruneaux entiers.|996|0.5|37|7.2|1.8|0.00899999999999999|||||||||||||||||0|||
Fruits secs|Jardin Bio,Léa Nature|Mélange vitaminé|b|raisins* secs 20%, graines* de courges 25%, _amandes_* 15%, _noix de cajou_* 15%, baies de goji* 15%, huile de tournesol*. *Produits issus de l'agriculture biologique.|2021|28|27|5.3|16|0.02|||||||||||||||||0|amandes, noix de cajou||
Fruits secs|Jean Louis Bassinet,Jean-Louis Bassinet|Melange sportif|c|25 % papayes, 25 % raisins blonds, 20 % AMANDES, 10 % NOISETTES, 20 % ananas, huile de tournesol, E220 ANHYDRIDE SULFUREUX, E330.|1807|16.18|50.07||6.56|0.25|||||||||||||||||0|AMANDES, NOISETTES|E220 - Anhydride sulfureux,E330 - Acide citrique|
Fruits secs|Jean louis bassinet,Jean-Louis Bassinet|Mélange québécois|d|33 % _noix de cajou_ salées, 33 % ananas cubes, 34 % airelles séchées, sucre, conservateur : E220 ANHYDRIDE SULFUREUX, E330. huile de tournesol, huile de palme.|1820|15.83|50.65||5.6|0.5|||||||||||||||||1|noix de cajou|E220 - Anhydride sulfureux,E330 - Acide citrique|
Fruits secs|Jean louis bassinet,Jean-Louis Bassinet|Mélange Fruits Secs, Grillés, Salés|c|_Arachides_ blanches, _noix de cajou_, _amandes_ torréfiées, _noisettes_ blanches, huile de tournesol et palme, sel.|2661|54.5|5.9||24.2|1|||||||||||||||||1|en:nuts,en:peanuts||
Fruits secs|Jean louis bassinet,Jean-Louis Bassinet|Mélange Exotique|c|25 % bananes chips, 25 % raisins, 25 % ananas, 20 % papayes, 5 % coco lamelles, huile de coton et/ou de tournesol, conservateur E220 ANHYDRIDE SULFUREUX, E330.|1075|0.28|48.4||1.4|0.01|||||||||||||||||0||E220 - Anhydride sulfureux,E330 - Acide citrique|
Fruits secs|Jean-Louis Bassinet|Abricots secs|a|Abricots, conservateur E220 _anhydride sulfureux_.|1268|0.5|33|7.9|2.5|0|||||||||||||||||0|anhydride sulfureux|E220 - Anhydride sulfureux|
Fruits secs|Karéléa,Léa Nature|Goji|c|Baies de goji. Contient des sulfites.|1402|2.5|51|13|11|1|||0.00795|||0.00066|||0.00024||||||||0|||
Fruits secs|La Vie Claire|Pruneaux Dénoyautés du Sud de la France|c|Pruneaux.|1878|0.2|49|13|3|0.02|||0.002||||||||||||0.0032||0|||
Fruits secs|Leader Price|Abricots Moelleux Dénoyautés|a|Abricots secs, antioxydant : _anhydride sulfureux_, conservateur : sorbate de potassium.|982|0.4|25|5.7|2|0.03|||||||||||||||||0|anhydride sulfureux|E202 - Sorbate de potassium,E220 - Anhydride sulfureux|
Fruits secs|Les Accents du Soleil|MÉLANGE PACIFIQUE|d|Bananes, papayes, mangues, ananas|1951|25.33|32.63|1.64|1.97|0.1183386|||||||||||||||||0|||
Fruits secs|Les Accents du Soleil|MELANGE RANDO|a|Abricots, dattes, _Amandes mondées_, mulberries|1200|10.78|38.63|7.36|7.782|0.034036|||||||||||||||||0|Amandes mondées||
Fruits secs|Les Vergers d'Escoute|Pruneaux Mi-Cuits|c|Pruneaux|979|0.3|35||2|0|||||||||||||||||0|||
Fruits secs|Les Vergers de Bertounèche|Pruneaux d'agen|a|Pruneaux Géants.|979|0.3|35|7|2|0.001|||||||||||||||||0|||
Fruits secs|Les Vergers de Bertounèche|Pulpe de Pruneaux d'Agen|c|Pruneaux d'Agen, eau.|557|0.2|24|4.5|1.2|2.3|||||||||||||||||0|||
Fruits secs|Lou Prunel|Pruneaux d'agen|b|Pruneaux d'Agen issus de l'agriculture biologique ; eau|971|0.5|37|6.4|1.5|0|||||||||||||||||0|||
Fruits secs|Lynos,LYN|Baies de Goji biologiques|b|Baies de Goji biologiques séchées|1452|2.3|46|7.78|12.9|0.9|||||0.0184||0.00127|||||0.1125|||0.00842||0|||
Fruits secs|Maison Roucadil|Pruneaux d'Agen|c|Pruneaux, conservateur E200.|1004|0.5|37||1.8|0.01|||||||||||||||||0||E200 - Acide sorbique|
Fruits secs|Maison Roucadil|Pruneaux d'Agen entiers|a|Pruneaux d'Agen pasteurisés, calibre géant.|996|0.5|37|7.2|1.8|0.005|||||||||||||||||0|||
Fruits secs|Maitre Prunille|Mélange Exotique|c|Raisins secs 41 %, bananes déshydratées en rondelles 17 %, papayes déshydratées en morceaux 13 %, ananas déshydraté en morceaux 11 %, noix de coco sucrée séchée en cube 11 %, mangues séchées en morceaux 7 %|1544|6.6|61|3.8|1.9|0.2|||||||||||||||||0|disulfite de sodium, disulfite de sodium, disulfite de sodium, disulfite de sodium, disulfite de sodium, disulfite de sodium|E223 - Disulfite de sodium,E330 - Acide citrique|
Fruits secs|Maître Prunille|Les Pruneaux Mi-Cuits|b|Pruneaux d'Agen mi-cuits.|1046|0.4|37|6.6|1.4|0.01|||||||||||||||||0|||
Fruits secs|Maître Prunille|Les Moelleux - Abricots|a|Abricots de Turquie, conservateurs : anhydride sulfureux, sorbate de potassium Abricots secs réhydratés à 43% d'humidité|808|0.3|32|6.2|2|0.1|||||||||||||||||0||E202 - Sorbate de potassium,E220 - Anhydride sulfureux|
Fruits secs|Maître Prunille|Raisins Secs Sultanines|c|Raisins secs, huile végétale non hydrogénée de coton.|1410|0.8|60||2.6|0.1|||||||||||||||||0|||
Fruits secs|Maître Prunille|Mélange Mistral|c|Raisins secs 30 %, dés de melon déshydratés 30 %, _amandes_ caramélisées 20 %, _noix de pécan_ caramélisées 20 %.|1920|21.9|48.3||7.7|0.2|||||||||||||||||0|anhydride sulfureux, disulfite de sodium, amandes, amandes, noix de pécan, noix de pécan|E220 - Anhydride sulfureux,E223 - Disulfite de sodium,E330 - Acide citrique|
Fruits secs|Maître Prunille|Mélange Trocadero|a|_Amandes_ import 25 %, raisins secs Blue Thomson import 25 %,  _noisettes_ décortiquées origine France 20 %, mélange de variétés 13-15 mm, cerneaux de _noix_ extra moitié variété Franquette de France 15 %, _noix de cajou_ 15 %.|2326|41|21|5.8|16|0.01|||||||||||||||||0|Amandes, noisettes, noix, noix de cajou||
Fruits secs|Maître Prunille|Pruneaux d'Agen Dénoyautés|a|Pruneaux d'Agen|950|0.6|31.4|5.7|1.7|0.01|||||||||||||||||0|||
Fruits secs|Meyva|Mélange Zen|c|Baies de Goiji, cranberry, myrtille, _amande crue_, raisin sec golden jumbo, raisin sec jumbo flame.|1473|10|52||7|0.2|||||||||||||||||0|amande crue||
Fruits secs|Mon Pruneau|Pruneaux d'Agen|b|Pruneaux d'Agen réhydratés à 35 % d'humidité maximum, conservateur : acide sorbique.|1006|0.5|37|7.2|1.8|0.01|||||||||||||||||0||E200 - Acide sorbique|
Fruits secs|Monoprix|Pruneaux d'agen avec noyaux|b|Pruneaux d'Agen.|1012|0|37|6.6|1.4|0|||||||||||||||||0|||
Fruits secs|NaturAttitud|Baies De Goji Sechees Bio* Sachet 200G|c|Baies de Goji séchées*. *Produit issu de l'agriculture biologique.|1439|1.2|43.8||11.8|0.5|||||||||||||||||0|||
Fruits secs|Paquito|Pruneaux d'agen|b|Pruneaux d'Agen.|1000|0.5|37.2|6.9|1.5|0.04|||||||||||||||||0|||
Fruits secs|Paquito|Raisin Moelleux|b|Raisins secs, eau, huiles végétales, conservateurs : anhydride|1130|1.67|60|6|1.67|0|||||||||||||||||0|||
Fruits secs|Paquito|Tendrissim' Dénoyautés|a|Pruneaux, eau.|920|0.6|30.9|5.8|1.7|0.07|||||||||||||||||0|||
Fruits secs|Paysans d'ici,Coop Cofidou,Ethiquable|Pruneaux d'Agen bio mi-cuits|c|Pruneaux d'agen|954|0.5|40||2|0.01|||||||||||||||||0|||
Fruits secs|Pruno Délice|Pruneaux d'Agen dénoyautés mi-cuits|b|Pruneaux d'Agen mi-cuits dénoyautés|1070|0.19|37.9|2.36|5.83|0.01|||||||||||||||||0|||
Fruits secs|Pruno'Délice|Pruneaux d'Agen mi-cuits pasteurisés|a|Pruneaux d'Agen mi-cuits|968|0.5|40|6.3|2|0.1|||||||||||||||||0|||
Fruits secs|Pure Flow|Noix de coco rapee|c|100% Noix de Coco Biologique.|2876|68|7.3|11|6.8|0.1|||||||||||||||||0|||
Fruits secs|Raphaël Primeurs|Spécialité à Base de Pruneaux d'Agen|a|Pruneaux d'Agen, eau.|950|0.6|31.4|5.7|1.7|0.01|||||||||||||||||0|||
Fruits secs|Reflets de France|Pruneaux d'Agen|b|Pruneaux d'Agenréhydratés à 35 % d'humidité maximum, dénoyautés, pasteurisés, calibre géants.|1046|0.5|37|6.6|1.4|0.01|||||||||||||||||0|||
Fruits secs|Sainte Lucie|Noix de coco|d|Noix de coco issue de biologique.|3075|67.6|10||15.5|0.1|||||||||||||||||0|||
Fruits secs|Sainte Lucie|Noix de coco râpée|d|Noix de coco 100 %.|3033|67.6|10||15.5|0.04||||||||||3e-05|||||0.0023||0|||
Fruits secs|Sun|Encas - Dés d'Abricots, de Figues & Raisins|c|Cubes d'abricots secs 35 %, raisins Flame 3 5%, cubes de figues séchées 30 %.|1201|0.6|53||3.7|0.1|||||||||||||||||0|en:sulphur-dioxide-and-sulphites|E220 - Anhydride sulfureux|
Fruits secs|Tassis|Cranberries|c|Cranberries, sucre, huile de tournesol.|1427|0.2|71.3|0|0.2|0|||||||||||||||||0|||
Fruits secs|Tassis|Figues|c|Figues sèches|1050|1.4|48.1||3.2|0.22|||||||||||||||||0|||
Fruits secs|Tassis|Chips de Bananes Déshydratées|d|Chips de bananes déshydratées, sucre, huile de coco.|2130|29|15||2|0.01|||||||||||||||||0|||
Fruits secs|Trader Joe's|Cocktail Grillé et Salé|c|_Cacahuètes_, _noix de cajou_, _noisettes_, _amandes_, huile de tournesol, sel.|2699|55|5.3||24|0.659999999999999|||||||||||||||||0|Cacahuètes, noix de cajou, noisettes, amandes||
Fruits secs|U|Raisins Sultanine,|c|Raisins secs sultanines, agent d'enrobage: huile de coton. Traces éventuelles d'arachides, de fruits à coque, et de graines de sésame.|1346|0.8|68.2|3.9|3|0.06|||||||||||||||||0|||
Fruits secs|U|Mélange cocktail apéritif|b|Graines grillées 60%, fruits sucrés séchés 40%. Traces éventuelles de céréales contenant du gluten, autres fruits à coque et soja.|2107|29.8|27.3|5.1|18.7|0.01|||||||||||||||||0|en:nuts,en:peanuts||
Fruits secs|U|Mélange apéritif amandes et fruits rouges|c|Fruits sucrés séchés 80% [canneberge 32%, sucre, fraise 14%, huile de tournesol, acidifiant : acide citrique, colorants naturels, arôme, conservateur : anhydride sulfureux], AMANDE grillée 20%. Traces éventuelles de céréales contenant du gluten, autres fruits à coque, arachides et soja.|1678|11.6|54.1|7.2|4.5|0.16|||||||||||||||||0|en:nuts,en:sulphur-dioxide-and-sulphites|E163 - Anthocyanes,E220 - Anhydride sulfureux,E330 - Acide citrique|
Fruits secs|Vico,Intersnack,Natur'& Bon|Mélange énergie|c|Raisins secs 24.8%; AMANDES blanchies crues 20%, baies de goji séchées 20%, NOISETTES crues avec peau 15%, sucre, cramberries séchées 6.2%, huile de tournesol. Traces éventuelles Fabriqué dans un atelier utilisant du GLUTEN, des ARACHIDES, du SOJA, du LAIT et d'autres FRUITS À COQUE.|1983|25|39||14|0.18|||0.0092||||||||||0.107||||0|en:gluten,en:nuts,en:peanuts,en:soybeans||
Fruits secs|Vijaya|Mélange 4 mendiants|c|4 Mendiants 99.8 %, Raisin Sultanine, Figue, _Amande_ décortiquée, _Noisette_ décortiquée, Huile de tournesol désodorisée|1849|25|33||13|0.06|||||||||||||||||0|||
Fruits secs|Vijaya|Raisin sultanine|c|raisin sultanine, anti-agglomérant : huile de tournesol désodorisée <0.5%|1268|0.6|59||3|0.05|||||||||||||||||0|||
Fruits secs|Vijaya|Cranberries Sechees|d|Cranberry, jus de canne évaporé••, antiagglomérant, huile de tournesol désodorisée.|1381|1|72||0.2|0|||||||||||||||||0|||
Fruits à coques|ALP NOIX|Noix seches de Grenoble bio|c|noix sèches de Grenoble|2912|66.3|4.6|6.2|15.3|0.01|||||||||||||||||0|||
Fruits à coques|Alp noix,Alp'noix|Noix de Grenoble AOP|c|Noix, calibre 28/30 mm|2912|66.3|4.6|6.2|15.3|0.001|||||||||||||||||0|||
Fruits à coques|Auchan|Pistaches|e|Pistaches, sel.|2644|52|5.9||20|1.5|||||||||||||||||0|fruits à coque||
Fruits à coques|Auchan,JusteBio|Pignons de Pin|c|Pignons de pin*|2623|65|3.4|10|16|0.02|||||||||||||||||0|||
Fruits à coques|Bedros et Savino|Pistaches grillées salées|e|_Pistaches_, sel|2580|44.8|7.7||20.9|1.5|||||||||||||||||0|Pistaches||
Fruits à coques|Biothentic|Noix de Cajou|c|_Noix de cajou_|2402|46|5|3|15|0.041|||||||||||||||||0|Noix de cajou||
Fruits à coques|Bouton d'Or|Pistaches Grillées et Salées|d|_Pistaches_, sel.|2653|52|6.1||24.7|0.89|||||||||||||||||0|en:nuts||
Fruits à coques|Brut de Coques|Pistaches Grillées sans sel ajouté|c|Pistaches 100%. Traces éventuelles d'arachides, d'autres fruits à coque, de gluten et de soja. Vitamine B1: 0.556mg / 100g|2653|48.1|7.5|9.6|25|0.01||||||0.000556|||||||||||0|pistaches||
Fruits à coques|Carrefour|Cacahuètes aromatisées grillées à sec|d|Cacahuètes97%, sel, épaississant : gomme arabique, dextrose, arômes naturels, arôme, arôme de fumée, épice : piment, colorant: extrait de paprika. Peut contenir des traces de fruits à coque.|2494|49|5|10|27|1.6|||||||||||||||||0|arachides|E160c - Extrait de paprika,E414 - Gomme d'acacia|
Fruits à coques|Carrefour|Amandes|c|Amandes blanchies en poudre 100%. Peut contenir des traces de lait, d'œufs, d'arachides et d'autres fruits à coque.|2634|54|4.1|9.4|26|0.01|||||||||||||||||0|Amandes||
Fruits à coques|Carrefour|Noix de Macadamia|d|_Noix de Macadamia_ 96%, huile de tournesol 3%, sel 1%.|3096|74|5.5|3.2|8.2|1|||||||||||||||||0|Noix de Macadamia||
Fruits à coques|Carrefour|Pistaches grillées salées|d|Pistaches 97.5 %, sel 2.5 %.|2607|53|5.9|4.3|20|1.2192|||||||||||||||||0|||
Fruits à coques|Carrefour|Châtaignes|a|Châtaignes bio 100%|709|1.7|8|5.1|2.6|0.13|||||||||||||||||0|||
Fruits à coques|Cora|Cacahuètes enrobées goût salées|d|Cacahuètes, farine de blé, amidon transformé de pomme de terre, maltodextrine de blé ou de pomme de terre, cacahuètes grillées moulues, sucre, sel, huile végétale, gélifiant: gomme arabique, extraits de levures, poivre.|2032|24.7|7.9|8.7|15.7|2.4892|||||||||||||||||0||E14XX - Amidons modifiés,E414 - Gomme d'acacia|
Fruits à coques|Cora|Cacahuètes grillées et salées|d|_Cacahuètes_, huile de tournesol, sel.|2573|50.4|5.6|8.2|26.1|1|||||||||||||||||0|Cacahuètes||
Fruits à coques|Cora,Cora Harmony|Harmony Cacahuètes grillées sans sel ajouté|c|_Cacahuètes_ - huile de tournesol.|2559|50|6.6|7.5|26.6|0.01|||||||||||||||||0|Cacahuètes||
Fruits à coques|Cueillette Descours|Chataignes|b|Marrons|741|1.3|8.3||2.6|0.1|||||||||||||||||0|||
Fruits à coques|Daco Bello|Amandes émondées Couleurs cuisine|c|Amandes blanchies|2498|52.4|4.3|9.2|22.8|0.0508|||||||||||||||||0|||
Fruits à coques|Daco Bello|Duo Amandes Grillées Sans Sel Ajouté|c|amandes.|2661|55.7|3.5|11.4|27.2|0|||||||||||||||||0|en:nuts||
Fruits à coques|Daco Bello|Pistaches grillées salées|d|_Pistaches_, sel 2.5% maximum.|2505|46.4|5.4|10.6|29.4|1.5|||||||||0.00064||||||||0|Pistaches||
Fruits à coques|Danival|Marrons entiers|a|Marrons entiers*. *Ingrédients d'origine agricole obtenus selon les règles de production biologique.|556|1.3|3.9|4|2|0.1|||||||||||||||||0|||
Fruits à coques|Grand Frais|Noix de Cajou Grillées Aromatisées au Curry|e|NOIX DE CAJOU, sel, dextrose de maïs, épices, colorants : curcumine - concentré de carthame, citron, arôme naturel, épaississant: gomme arabique.|2427|44.2|8.6||18.2|1.96|||||||||||||||||0|NOIX|E100 - Curcumine,E414 - Gomme d'acacia|
Fruits à coques|Grand Frais|Noix de Cajou Grillées à l'Huile et Salées|e|NOIX DE CAJOU, huile de tournesol, sel.|2594|47.8|5|0|16.8|1|||||||||||||||||0|NOIX||
Fruits à coques|Happy Nuts,Benoit|Pistaches grillées & salées|e|PISTACHES, sel 1.5 %.|2630|53.5|6.1||20.3|1.5|||||||||||||||||0|PISTACHES||
Fruits à coques|Inovfruit|Châtaignes cuites et pelées|a|100 % châtaignes.|953|1|7.2|5|2.7|0.007|||||||||||||||||0|||
Fruits à coques|Jean-Louis Bassinet|Cerneaux de noix de France|e|NOIX.|2879|63.8|3||14.7|3|||||||||||||||||0|||
Fruits à coques|Jean-Louis Bassinet|Noix de Cajou grillées à sec|d|_Noix de cajou_, eau, sel, farine de _blé_.|2640|49.1|5.3||19.8|0.272|||||||||||||||||0|Noix de cajou, blé||
Fruits à coques|Kreek's|Cacahuètes grillées|e|Cacahuètes96%, huile de tournesol, sel|2686|56|4.5||28|1.8|||||||||||||||||0|Arachides||
Fruits à coques|La Maison des Bistrots|Chouchous du Soleil|d|_Arachides_ 50 %, sucre.|2163|25|52|3.1|15|0|||||||||||||||||0|Arachides||
Fruits à coques|Le Temps des Saisons|Amandes effilées|c|Amandes blanchies effilées.|2647|56.5|4.2|9.6|24|0.02|||||||||||||||||0|||
Fruits à coques|Leader Price|Mélange Télé|b|Cacahuètes 49%, raisins secs 30%, noisettes 10%, noix de cajou 10%, huiles végétales.|2201|34.8|25.9|4.9|18.7|0|||||||||||||||||1|en:nuts,en:peanuts||
Fruits à coques|Les Accents du Soleil,Accent Bio|Cerneaux de Noix de France|c|Cerneaux de _noix_* de France. *Ingrédient issus de l'agriculture biologique certifiée.|2820|63.8|3.4|6.4|14.5|0.0034544|||||||||||||||||0|noix||
Fruits à coques|Les Vergers D’escoute|Noisettes grillees sans sel|d|NOlSETTEet fruits à coque, gluten, lait sésame. soja, anhydride sulfureux|2900|64|3.3||19|0.025|||||||||||||||||0||E220 - Anhydride sulfureux|
Fruits à coques|Maison Roucadil|Noix entières|c|_Noix_.|2682|65|2|6.2|12.8|0.003|||||||||||||||||0|Noix||
Fruits à coques|Maitre Prunille|Maître Prunille Amandes Effilées 200 g|c|amandes décortiquées dépelliculées.|2657|56|4.3|7.7|24|0.01|||||||||||||||||0|||
Fruits à coques|Marque Repère,Tokapi|Tokapi - Mélange Gourmand|d|Raisins secs 35%, noisettes avec peau grillées 25%, amandes grillées 15%, noix de cajou grillées 12%, cacahuètes grillées 9.8%, huiles végétales.|2268|37|29.8|4|12.1|0.275|||||||||||||||||0|||
Fruits à coques|Marque repère,Tokapi|Pistaches grillées à sec|d|_Pistaches_, sel 1.2 %.|2632|53.5|6.1|4.3|20.3|0.9|||||||||||||||||0|Pistaches||
Fruits à coques|Maître Prunille|Cerneaux de Noix|d|Cerneaux de _noix_|2879|63.8|3||14.7|0.1|||||||||||||||||0|noix||
Fruits à coques|Maître Prunille|Pistaches Coques Grillées Salées|d|_Pistaches_ coques, sel, agent d'enrobage : gomme arabique.|2448|47|7|10|30|1.8|||||||||||||||||0|Pistaches|E414 - Gomme d'acacia|
Fruits à coques|Maître Prunille|Noisettes coques|d|_noisettes_ coques variété Ronde de France, calibre : 20/22 mm.|2536|63|4.5||16.6|0|||||||||||||||||0|noisettes||
Fruits à coques|Menguy s,menguy's|Cacahuètes grillées et salées|d|_Cacahuètes_, huile de tournesol, sel.|2565|50.2|5.5|8.2|26.1|1|||||||||||||||||0|Cacahuètes||
Fruits à coques|Menguy's|Cacahuètes Bio|d|_Cacahuètes_ grillées, sel.|2590|51|5.4||26|0.7|||||||||||||||||0|Cacahuètes||
Fruits à coques|Menguy's|Cacahuète en coque grillées|c|_Cacahuètes_ d'importation.|2565|50|5.8|9.1|28|0.04|||||||||||||||||0|Cacahuètes||
Fruits à coques|Menguy's|Pistaches Grillées à Sec|d|_Pistaches_, sel|2499|49|6.4|9.2|24.7|1.7|||||||||||||||||0|Pistaches||
Fruits à coques|Menguy's|Pistaches grillées à sec|d|_Pistaches_, sel.|2498|49|6.4|9.2|24.7|1.7|||||||||||||||||0|Pistaches||
Fruits à coques|Minerve|Marrons entiers|a|Châtaignes japonaises, eau, sucre, sel, épaississants : gomme de guar et gomme xanthane.|444|1.1|3.6|4|1.7|0.45|||||||||||||||||0||E412 - Gomme de guar,E415 - Gomme xanthane|
Fruits à coques|Minerve|Délices du châtaignier cuits à la vapeur|a|Châtaignes japonaises, eau, sucre, sel.|609|1.4|6.5|5.2|2.3|0.2|||||||||||||||||0|||
Fruits à coques|Minerve Restauration|Mousseline de Marrons|b|Marrons tamisés 65 %, eau, crème liquide 14 %, gélatine de _poisson_, sel.|564|5.7|4|4|3.4|0.5|||||||||||||||||0|lait, poisson|E407 - Carraghénanes,E428 - Gélatine,E472b - Ester diacétyl-lactique de mono- et diglycérides d'acides gras|
Fruits à coques|Netto|Cacahuètes grillées et salées|d|_Cacahuètes_, huile de tournesol, sel.|2561|50.1|6.8||27|0.82042|||||||||||||||||0|Cacahuètes||
Fruits à coques|Netto|Noix de Cajou grillées et salées|d|_Noix de cajou_, huile de tournesol, sel.|2573|50.4|6.3||19.6|0.8|||||||||||||||||0|Noix de cajou||
Fruits à coques|Paquito,Intermarché|Mélange croquant|b|Raisins noirs, amandes décortiquées, noisettes décortiquées.|1904|23.3|43.9|9.5|9.7|0|||||||||||||||||0|||
Fruits à coques|Roger Descours|Marrons Cuits|b|100 % marrons UE.|749|1.3|8.3||2.6|0.1|||||||||||||||||0|||
Fruits à coques|Saxo|Cacahuètes Salées|c|Cacahuètes96 %, huile de tournesol sel 1 %.|2582|50|5||28|0.88|||||||||||||||||0|arachides||
Fruits à coques|Secrets d'énergie|Noix de pécan|c|Noix de Pécan|2970|72|4|9.6|9.2|0|||||||||||||||||0|||
Fruits à coques|Tablier Blanc,Marque Repère|Amandes en poudre|c|_Amandes_ en poudre.|2628|54.8|4.6|9|23.8|0.01|||||||||||||||||0|||
Fruits à coques|Tokapi,Marque Repère,Scamark|Cacahuètes Grillées à sec|d|_Cacahuètes_, assaisonnement aromatisé, colorant : extrait de paprika), épaississant : gomme arabique.|2530|47|6.4|7.9|26.6|1.49352|||||||||||||||||0|Cacahuètes|E160c - Extrait de paprika,E414 - Gomme d'acacia|
Fruits à coques|U|Pistaches grillées et salées|d|PISTACHES, sel 1.5%. Traces éventuelles de céréales contenant du gluten, arachides, soja, lait, autres fruits à coque et céleri.|2614|52|5.9|9.8|20|1.15|||||||||||||||||0|en:nuts||
Fruits à coques|U|Cerneaux de noix,|a|Cerneaux de noix moitié nature Traces éventuelles d'arachides, d'autres fruits à coque, de graines de sésame, de céréales contenant du gluten, de sulfites et de soja|2926|65.3|3.2|7.3|16.2|0|||||||||||||||||0|en:nuts||
Fruits à coques|U|Cacahuètes grillées sel et poivre|d|CACAHUÈTES 91.8%, huile de tournesol, sel 2%, poivre noir 1.2%, sucre, extrait de levure, acidifiant : acide citrique, arôme naturel de poivre. Traces éventuelles de fruits à coque, céréales contenant du gluten et soja.|2516|49|6.7|7.1|27|1.6|||||||||||||||||0|en:peanuts|E330 - Acide citrique|
Fruits à coques|U|Noix de cajou grillées et salées|d|NOIX DE CAJOU 96%, huile de tournesol, sel 1%. Traces éventuelles d'autres fruits à coque, arachides, céréales contenant du gluten et soja.|2539|49|5.4|5.7|20|0.84|||||||||||||||||0|en:nuts,fr:CAJOU||
Fruits à coques|U|Cacahuètes Grillées à Sec|d|CACAHUETES 96 %, arômes naturels, sel, gélifiant : gomme d'acacia. Traces éventuelles de céréales contenant du gluten, fruits à coque et soja.|2459|47.3|5.6|9.7|26.9|1.5|||||||||||||||||0|en:peanuts|E160c - Extrait de paprika,E414 - Gomme d'acacia|
Fruits à coques|U|Noix du Brésil grillées salées|d|NOIX DU BRESIL 98%, huile de tournesol, sel 0.9%. Traces éventuelles d'autres fruits à coque, arachides, céréales contenant du gluten et soja.|2850|66|2|9.1|17|0.55|||||||||||||||||0|en:nuts,fr:BRESIL||
Fruits à coques|U|Noix de pécan grillées et salées|b|NOIX DE PECAN 97%, huile de tournesol, sel 0.7%. Traces éventuelles d'autres fruits à coque, arachide, céréales contenant du gluten et soja.|3006|72|3.7|9|11|0.55|||||||||||||||||0|en:nuts||
Fruits à coques|U|Mélange Luxueux|d|PISTACHES décortiquées 33%, NOIX DU BRESIL* 32%, NOIX DE CAJOU 32%, huile de tournesol, sel 0.5%. Certains ingrédents de ce produit ne proviennent pas de France. Traces éventuelles d'arachides, céréales contenant du gluten, autres fruits à coque et soja. * Origine Bolivie|2583|51|5.5|8.8|22|0.27|||||||||||||||||0|en:nuts,fr:BRESIL,fr:CAJOU||
Fruits à coques|U|Noix de Macadamia|c|NOIX DE MACADAMIA 98%, sel 0.7%, huile de tournesol. Traces éventuelles d'autres fruits à coque, arachides, céréales contenant du gluten et soja.|3047|74|3.8|7.9|8.3|0.73|||||||||||||||||0|en:nuts||
Fruits à coques|U|Cacahuètes grillées sel et vinaigre|c|CACAHUÈTES 91.8%, huile de tournesol, sel 1.8%, vinaigre de cidre 2%, sucre, maltodextrine, acidifiants : acide citrique et acide malique, vinaigre de malt 0.1%, extrait de levure, colorants : caramel ordinaire et curcumine. Traces éventuelles de fruits à coque et soja.|2507|49|6.7|8.1|25|1.6|||||||||||||||||0|en:gluten,en:peanuts|E100 - Curcumine,E150a - Caramel E150a,E296 - Acide malique,E330 - Acide citrique|
Fruits à coques|U|Noix de cajou romarin poivre|d|NOIX DE CAJOU 94%, sel, farine de riz, sucre, poivre noir 0.7%, gélifiant : gomme d'acacia, extrait de levure, romarin 0.2%, arômes naturels Traces éventuelles d'autres fruits à coque, arachides, céréales contenant du gluten et soja.|2466|46|5.7|8.4|23|0.97|||||||||||||||||0|en:nuts|E414 - Gomme d'acacia|
Fruits à coques|U|Pistache grillée à sec|d|PISTACHES 98 %, sel 2%. Traces éventuelles d'arachides, céréales contenant du gluten, autres fruits à coque et soja.|2503|49|6.5|9.7|25|1.7|||||||||||||||||0|en:nuts||
Fruits à coques|U|Cacahuètes enrobées saveur sweet chili|d|CACAHUÈTES 72%, farine de BLÉ, amidon de pomme de terre, arôme chili, huile de tournesol, sucre, sel, maltodextrine, gélifiant : gomme d'acacia, colorant : extrait de paprika. Traces éventuelles de fruits à coque, lait et moutarde.|2263|37|12|9.8|22|1.1|||||||||||||||||0|en:soybeans,fr:CACAHUETTE,fr:TES|E160c - Extrait de paprika,E414 - Gomme d'acacia|
Fruits à coques|U|Noix de Cajou|d|NOIX DE CAJOU 96%, huile de tournesol, sel 1%|2539|49|5.4|5.7|20|0.84|||||||||||||||||0|en:nuts,fr:CAJOU||
Fruits à coques|U|Noix de cajou sans sel ajouté|d|NOIX DE CAJOU 96.3%, huile de tournesol. Traces éventuelles de céréales contenant du gluten, arachides, autres fruits à coque et soja.|2587|50|6.3|5|20|0.03|||||||||||||||||0|en:nuts||
Fruits à coques|U Bio, U|Amandes Grillées|a|AMANDES avec peau* 98%, huile de tournesol*. * Ingrédient issu de l'Agriculture Biologique. Traces éventuelles d'autres fruits à coque, arachides, céréales contenant du gluten et soja.|2633|53|4|13|26|0.01|||||||||||||||||0|en:nuts||
Fruits à coques|Vahiné|Amandes décortiquées|c|_Amande_.|2477|49|3.9||21|0|||||||||||||||||0|Amande||
Galettes-dietetiques|Gerblé|Galette 4 céréales complètes|a|Riz complet 86.8 g, avoine complète 8.6 g, seigle complet 4.3 g, graines de sésame, sarrasin complet 3.2 g, sel.|1636|5.2|0.8|5.7|9.3|0.46|||||||||||||0.135||||0|||
Gateau-au-fromage-blanc|Légendes du Poitou|Gâteau au Fromage Blanc|c|Soft white cheese* 55%, egg white*, cane wheat flour*, egg yolk*, cornstarch, vanilla aroma. *Ingrédients stemming from the organic farming of French origine Ingredients stemming from the organic farming of origin EU / not EU.|741|3.2|19|0|7.4|0.18|||||||||||||||||0|||
Gateau-chinois|Asie d'ivry|Délice soja|d|Crème de soja, farine de riz gluant, sucre, conservateur: proplonate de calcium|1452|5.9|40.4|1.3|5.7|0.01|||||||||||||||||0||E282 - Propionate de calcium|
Gateaux-secs|Carrefour|Petits pavés aux 2 graines et pépites de chocolat noir|e|Farine de ble 40%, pépites de chocolat noir* 20% [pâte de cacao*, sucre de canne*, émulsifiant : lécithines*], sucre de canne*, beurre , huile de tournesol*, graines de sesame *5%,oeufs*, sel, poudre à lever : carbonates de sodium, acidifiant : acide citrique,antioxydant: extrait de romarin*. *bio.|2155|27|27|3.4|7.8|0.76|||||||||||||||||0||E322 - Lécithines,E330 - Acide citrique,E392 - Extrait de romarin,E500 - Carbonates de sodium|
Gaufres|Au Temps des Gourmets|Gaufres Pur Beurre|e|Farine de _blé_, sucre, _beurre_, _oeufs_, eau, poudre de _lait_ demi-écrémé, sel.|1969|26|30||6.9|0.8|||||||||||||||||0|blé, beurre, oeufs, lait||
Gaufres|Au Temps des Gourmets|Gaufres Fourrées Goût Vanille|d|Farine de _blé_, sucre, huile de colza, margarine [huiles végétales, eau, émulsifiant, acidifiant, arômes), sucre inverti, dextrose, _oeufs_, sirop de glucose, levure, fibres alimentaires, farine de _soja_, poudre de _lait_ écrémé, arômes, émulsifiants, sel, stabilisant, colorant.|1794|16|36|2.1|4.8|0.4|||||||||||||||||1|blé, oeufs, soja, lait, soja|E1103 - Invertase,E160a - Bêta-carotène,E160ai - Bêta-carotène,E322 - Lécithines,E322i - Lécithine,E330 - Acide citrique,E471 - Mono- et diglycérides d'acides gras alimentaires|
Gaufres|Au Temps des Gourmets|Gaufrettes Fourrées Vergeoises|d|Farine de _blé_, sucre, vergeoise 12 %, huile de colza, margarine [huiles végétales, eau, émulsifiant, acidifiant, arômes], sucre, inverti, _oeufs_, sirop de glucose, dextrose, levure, fibres alimentaires, farine de _soja_, émulsifiants, poudre de _lait_ écrémé, arômes, sel, stabilisant, colorant.|1770|15|37|2.5|5|0.47|||||||||||||||||1|blé, oeufs, soja, soja, lait|E1103 - Invertase,E160a - Bêta-carotène,E160ai - Bêta-carotène,E322 - Lécithines,E322i - Lécithine,E330 - Acide citrique,E471 - Mono- et diglycérides d'acides gras alimentaires|
Gaufres|Auchan Bio,Auchan|Auchan Mieux Vivre Bio Gaufres Pur Beurre x6 -120g|e|Farine de _blé_*, sucre de canne*, _beurre_* 20.9%, _œufs_*, _lait_ demi-écrémé*, sel. *biologiques.|1946|23.7|32.1|1.1|7.1|0.85|||||||||||||||||0|en:eggs,en:gluten,en:milk||
Gaufres|Biscuiterie Brichard,Biscuiterie J-L Brichard|Petite Gaufre Vanille Nappée Cacao|e|Farine de _blé_, margarine [huile de palme et colza, grasse de palme, eau, sel, émulsifiants, acidifiants, colorant, arôme, vitamine A et D3), sucre, nappage cacao, cacao maigre en poudre, stabilisant, émulsifiant, arôme naturel,  _œufs_, farine de _soja_, sucre inverti, stabilisant, humectant, poudre à lever, sel, émulsifiant, arôme naturel.|1912|25.1|25.9|1.5|6.2|0.35|||||||||||||||||1|en:eggs,en:gluten,en:soybeans|E160 - Caroténoïdes,E160a - Bêta-carotène,E270 - Acide lactique,E322 - Lécithines,E322i - Lécithine,E330 - Acide citrique,E420 - Sorbitol,E420i - Sorbitol,E422 - Glycérol,E471 - Mono- et diglycérides d'acides gras alimentaires,E492 - Tristéarate de sorbitane,E503 - Carbonates d'ammonium,E503ii - Carbonate acide d'ammonium|
Gaufres|Carré d'Eden|Gaufres Fines Caramel au Beurre Salé|e|Farine de _blé_, sucre, beurre15 %, _œufs_, caramel au beurre demi-sel 4.5 %, sucre, sel, eau), sel, arôme|1892|13.7|33.3||6.1|1.1|||||||||||||||||0|blé, lait, œufs, lait, lait||
Gaufres|Eugène Blond|Gaufres fourrées saveur Vergeoise|e|Farine de _blé_, fondant, saveur vergeoise 13%, beurre, margarine [matières grasses végétales, eau, émulsifiant : E471. sucre, acidifiant: acide citrique, arômes naturels, colorant : bêta-carotène], sirop de sucre inverti, sucre, _oeufs_ en poudre, sel, arôme naturel, levure.|1778|14.5|39.1||3.8|0.3|||||||||||||||||1|blé, lait, oeufs|E160a - Bêta-carotène,E160ai - Bêta-carotène,E330 - Acide citrique,E422 - Glycérol,E471 - Mono- et diglycérides d'acides gras alimentaires|
Gaufres|Franprix|Gaufres Poudrées|d|œufs frais 31 % - sucre - farine de _blé_ - huile de colza - sucre décor 4 %- farine de _lupin_ - _lait_ écrémé en poudre - sel - Émulsifiant : lécithines de tournesol - arôme naturel.|1912|24.1|35||7.4|0.81|||||||||||||||||1|Gluten,Lupin,Lait|E322 - Lécithines|
Gaufres|Fresh Food Village|8 Mini Gaufres aux Œufs Frais Bio|d|_œufs_ frais 32 %, sucre de canne, huile de colza, farine d'_épeautre_, farine de _lupin_, _lait_ écrémé en poudre, sel, _œufs_ en poudre, émulsifiant : lécithine de tournesol, arôme naturel.|1996||30.4|2.6|8.3|0.779999999999999|||||||||||||||||0|œufs, épeautre, lupin, lait, œufs, lait|E322 - Lécithines,E322i - Lécithine|
Gaufres|La Dunkerquoise|Gaufres Pur Beurre 22%|d|Farine, maltitol, _beurre_ 22 %, _œufs_, rhum, sel.|1950|17|0.9|3.1|6.7|1.1|||||||||||||||||0|beurre, œufs|E965 - Maltitol,E965i - Maltitol|
Gaufres|La Dunkerquoise|Gaufres Fines Pur Beurre - Caramel au Beurre Salé|e|Farine de _blé_, sucre, beurre17 %, _œufs_, caramel au beurre demi-sel 5 %, sucre, eau, sel). sel, arôme.|1891|14|33|0|6.1|1.1|||||||||||||||||0|blé, lait, œufs, lait, lait||
Gaufres|La Dunkerquoise|La Véritable Gaufre Chocolat|e|Farine de _blé_, sucre, beurre18 %, cacao en poudre, chocolat 2 %, _œufs_, sel, arôme naturel.|1958|18.8|27.4||7.5|1.1|||||||||||||||||0|blé, lait, œufs|E322 - Lécithines,E322i - Lécithine|
Gaufres|Le Chalet des Gaufres|Gaufres Liégeoises Choco|e|Farine de _blé_, sucre, _beurre_, matières grasses non hydrogénées, eau, levure _œufs_, farine de _soja_, poudre de cacao maigre, sirop de glucose, sirop de fructose, sel, émulsifiants: lécithine de coza, lécithine de _soja_, antioxygène: acide ascorbique, arôme.|1966|26|23||7|0.8|||||||||||||||||1||E300 - Acide ascorbique,E322 - Lécithines,E322i - Lécithine,E330 - Acide citrique,E471 - Mono- et diglycérides d'acides gras alimentaires|
Gaufres|Leader Price|La Galette Fine au Chocolat|e|Farine de _blé_, sucre, _beurre_ 17%, chocolat 16%, _œufs_ entiers, poudre de cacao, sel.|2033|20|36||7|1|||||||||||||||||0|blé, beurre, œufs||
Gaufres|Leclerc,Stéphan Pâtisserie|4 Gaufres|c|_ŒUFS_, Farine de _BLÉ_, eau, huile de colza, _LAIT_, sucre, sel.|1598|27|2.6||8.2|0.86|||||||||||||||||0|||
Gaufres|Les Saveurs du Clavon|Gaufres Pur Beurre|e|Farine de _froment_, sucre cristallisé, _beurre_ concentré 25 %, _œufs_ frais entiers, lait UHT entier, sel, colorant E160a.|1996|27.9|28.9||6|0.299999999999999|||||||||||||||||0|froment, beurre, œufs|E160a - Bêta-carotène|
Gaufres|Rita|6 Gaufres Liégeoises Goût Chocolat|e|Farine de _blé_ 28%, huiles végétales, sucre, eau, _œufs_ 3%, farine de _soja_, levure, sirop de glucose, sirop de fructose, poudre de cacao maigre, sel, conservateurémulsifiant, antioxydant, arôme vanille|1981|25.7|29.5||5.9|1.778|||||||||||||||||1|blé, œufs, soja, soja|E282 - Propionate de calcium,E300 - Acide ascorbique,E322 - Lécithines,E322i - Lécithine|
Gaufres|Rita|Gaufres pur beurre|e|Farine de _blé_, sucre, _beurre_ 20 %, _œufs_, poudre de _lait_ demi-écrémé, sel.|1929|25|32|0.6|7.1|0.9|||||||||||||||||0|blé, beurre, œufs, lait||
Gaufres|Stéphan Pâtisseries|4 Gaufres|c|ŒUFS, farine de BLÉ, eau, huile de colza, LAIT, sucre, sel.|1598|27|2.6||8.2|0.86|||||||||||||||||0|||
Gaufres|Sélection BPB|Gaufres Liégeoises|e|Farine de _blé_, matières grasses végétales non hydrogénées, sucre perlé, eau, levure, _œufs_, farine de _soja_, glucose, fructose, sel, conservateur : propionate de calcium, émulsifiant : lécithine de colza, antioxydant : acide ascorbique, arôme.|1900|25|27|2.7|6.63|1|||||||||||||||||1|en:eggs,en:gluten,en:soybeans|E282 - Propionate de calcium,E300 - Acide ascorbique,E322 - Lécithines,E322i - Lécithine,E330 - Acide citrique,E471 - Mono- et diglycérides d'acides gras alimentaires|
Gaufres|Trésors Gourmands|La Gaufre du Nord fourrée arôme Spéculoos|e|Farine de _blé_, sucre, huile et graisse végétales non hydrogénées, sucre inverti, _oeufs_ entiers pasteurisés 4.8%, sirop de glucose, vergeoise, caramel, _lait_ entier en poudre 1.2%, sel, poudres à lever : diphosphates, carbonates de sodium, extrait de malt d'_orge_, rhum, conservateur : sorbate de potassium, acide lactique, cannelle, épices, levure boulangère, arôme.|1707|15|33||5|1.2|||||||||||||||||0|blé, oeufs, lait, orge|E202 - Sorbate de potassium,E270 - Acide lactique,E450 - Sels métalliques de diphosphates,E500 - Carbonates de sodium|
Gaufres|Trésors Gourmands|Trésors gaufre du nord arôme vanille|e|farine de blé, sucre, huile et graisse végétales non hydrogénées, sucre inverti, eau, œufs entiers pasteurisés 4.8%, sirop de glucose, lait entier en poudre 1 .2%, sel, poudres à lever : diphosphate disodique, bicarbonate acide de sodium, extrait de malt d'orge, rhum, conservateur : sorbate de potassium, acide lactique, cannelle, levure boulangère, arômes. Fabriqué dans un atelier qui utilise des fruits à coque.|1682|15|33||5|1.1|||||||||||||||||0||E202 - Sorbate de potassium,E270 - Acide lactique,E450 - Sels métalliques de diphosphates,E450i - Pyrophosphate de sodium acide|
Glace-surgelėe|Carrefour|Le feuilleté Choco Coco|d|Eau, lait écrémé reconstitué, sucre, graisse végétale de coprah, sirop de glucose-fructose, lactose et protéines de lait, cacao maigre en poudre 2.9%, lait de noix de coco en poudre 2.3%, sirop de glucose, noix de coco râpée, chocolat 1 %, pâte de cacao, émulsifiants mono - et diglycérides d'acides gras - esters lactiques des mono - et diglycérides d'acides gras - lécithines de soja, gélifiants farine de graines de caroube et gomme quar, arôme naturel de noix de coco, caséinate de sodium. Peut contenir des traces de gluten, d'oeufs, d'arachides et de fruits à coque.|1130|17|23|1.6|2.6|0.09|||||||||||||||||0||E322 - Lécithines,E410 - Farine de graines de caroube|
Glaces|Arden' Glaces|Glace à l'Italienne Chewing-Gum|d|_Lactose_ et protéine de LAİT réhydraté, sucre, matière grasse végétale, sirop de glucose, stabilisants E401. E407. E410. E412. E466. émulsifiant E471. colorants E124. E122. E151.|766|8.31|16.08||1.91|1|||||||||||||||||0|Lactose|E122 - Azorubine carmoisine,E124 - Ponceau 4R,E151 - Noir brillant BN,E401 - Alginate de sodium,E407 - Carraghénanes,E410 - Farine de graines de caroube,E412 - Gomme de guar,E466 - Carboxyméthylcellulose,E471 - Mono- et diglycérides d'acides gras alimentaires|
Glaces|Auchan|Crème glacée Yaourt sauce fruits rouges|d|Yaourt23%, sirop de glucose-fructose, lait écrémé, crème fraîche, lactoseet protéines de lait, sucre, groseille rouge 2.5%, purée de mûre 2.4%, purée de sureau 2.4%, eau, mûre 1 .2%, purée de myrtille 0.9%, myrtille 0.9%, amidon modifié de maïs, émulsifiant : mono- et diglycérides d'acides gras ; stabilisants : gomme guar, farine de graines de caroube ; correcteurs d'acidité : acide citrique, citrates de sodium ; concentrés de carotte noire et de cassis, épaississant : pectines, arômes naturels.|749|6.6|24||2.6|0.14|||||||||||||||||0|en:milk|E14XX - Amidons modifiés,E330 - Acide citrique,E331 - Citrates de sodium,E410 - Farine de graines de caroube,E412 - Gomme de guar,E440 - Pectines,E471 - Mono- et diglycérides d'acides gras alimentaires|
Glaces|Auchan|Vanille Fruits Exotiques|c|Eau, _lait_ écrémé réhydraté, sirop de glucose, sucre, sirop de glucose- fructose, mélange de fruits exotiques 8 %, Jus de fruits de la passion à base de concentré 5.3 %, graisse végétale de coprah, _lactose_et protéines de _lait_ , jus concentré de pêche; gélifiants: farine de graines de caroube, gomme guar; colorant: caroténoïdes;émulsifiants: mono- et diglycérides d'acides gras, esters lactiques des mono- et diglycérides d'acides gras ; acidifiant : acide citrique, arôme naturel de fruits de la passion, arôme naturel de vanille, protéines de pois hydrolysées, arômes naturels.|644|4.3|21||1.1|0.06|||||||||||||||||0|Lait|E160 - Caroténoïdes,E330 - Acide citrique,E410 - Farine de graines de caroube,E412 - Gomme de guar,E471 - Mono- et diglycérides d'acides gras alimentaires,E472b - Ester diacétyl-lactique de mono- et diglycérides d'acides gras|
Glaces|Auchan|Glace façon mojito|c|Glace saveur menthe 56% : eau, sirop de glucose-fructose, sucre, matière grasse de coprah, lactoseet protéines de lait, émulsifiant: mono - et diglycérides d'acides gras; stabilisants: gomme guar, alginate de sodium; arôme naturel. Sorbet citron vert 44% : eau, jus de citron vert à base de concentré 18%, sucre, sirop de glucose-fructose, arôme naturel de citron et de citron vert; colorants: complexes cuivriques de chlorophyllines, curcumine.|527|1.9|24|0.5|0.2|0.5|||||||||||||||||0|Lait|E100 - Curcumine,E141 - Complexe cuivrique des chlorophylles,E401 - Alginate de sodium,E412 - Gomme de guar|
Glaces|Auchan|Glace facon pina colada|c|Glace saveur noix de coco 56% : eau, sirop de glucose-fructose, sucre, matière grasse de coprah, rhum gélifié*, arôme naturel, lactoseet protéines de lait, émulsifiant : mono- et diglycérides d'acides gras ; stabilisants : gomme guar, alginate de sodium. Glace à l'eau saveur ananas 44% : eau, sucre, sirop de glucose-fructose, arôme naturel, acidifiant : acide citrique ; colorant : caroténoïdes. Traces éventuelles de fruits à coque. *0.8% d'alcool dans le produit fini. L'abus d'alcool est dangereux pour la santé.|477|1.9|22|0.5|0.2|0.05|||||||||||||||||0|Lait|E150 - Caramel,E160 - Caroténoïdes,E330 - Acide citrique,E401 - Alginate de sodium,E412 - Gomme de guar,E460 - Celluloses,E471 - Mono- et diglycérides d'acides gras alimentaires|
Glaces|Auchan|Grands gourmands Amandes|d|Glace vanille 68% : eau, sucre, lactose et protéines de _lait_, matière grasse végétale, sirop de glucose, émulsifiant : mono et diglycérides d'acides gras, stabilisants : gomme guar, farine de graines de caroube, arômes naturels vanille 0.35%, gousse de vanille épuisées broyées, colorant : béta-carotène. Enrobage chocolat au _lait_ : 27% : sucre, beurre de cacao, pâte de cacao, poudre de _lait_ écrémé, matière grasse du _lait_, lactosérum, matière grasse végétale, émulsifiants : lécithine de soja, polyricinoléate de polyglycérol, arôme. _amandes_ hachées grillées 5%|968|14.8|20.2|0.7|2.4|0.127|||||||||||||||||0|en:milk,en:nuts|E160a - Bêta-carotène,E160ai - Bêta-carotène,E322 - Lécithines,E322i - Lécithine,E410 - Farine de graines de caroube,E412 - Gomme de guar,E471 - Mono- et diglycérides d'acides gras alimentaires,E476 - Esters polyglycériques d'acides gras d'huile de ricin|
Glaces|Auchan Bio,Auchan|Creme glace chocolat|c|Eau, sucre de canne, crème fraîche, lait écrémé en poudre, jaune d’œuf*, chocolat noir 5%, cacao maigre en poudre*, blanc d’œuf ; épaississants gomme guar, farine de graines de caroube ; arôme naturel de vanille. Élaboré à partir de lait origine UE.|808|8.9|22|1|4.6|0.03|||||||||||||||||0|en:eggs,en:milk|E322 - Lécithines,E322i - Lécithine,E410 - Farine de graines de caroube,E412 - Gomme de guar|
Glaces|Bio Village,Marque Repère|Crème glacée Chocolat Noir|c|Eau ; sucre de canne* 15 % ; _beurre_ doux* chocolat noir* 6 %; poudre de cacao maigre* ; _lait_ écrémé en poudre* 5 % ; extrait de riz* ; jaune d'_œuf_* ; gélifiants : farine de graines de caroube, gomme guar ; émulsifiant : lécithines. * Ingrédients issus de l'agriculture biologique.|808|8.6|24|2.6|3.7|0.14|||||||||||||||||0|beurre, lait, œuf, soja|E322 - Lécithines,E410 - Farine de graines de caroube,E412 - Gomme de guar|
Glaces|Caresse & Caline|Glace à la Vanille|c|_Lait_ entier de Caresse et Caline* 64%, sucres* jaunes d’_œufs_*, crème*, poudre de _lait_*, extrait de vanille* 0.6 %, gousse de vanille Bourbon* 0.6 %, épaississant, gélifiants. *Issue de l'agriculture biologique.|690|7.6|15.8||5.1|0.16|||||||||||||||||0||E401 - Alginate de sodium,E407 - Carraghénanes,E410 - Farine de graines de caroube|
Glaces|Carrefour|12 Vanille|e|_ Eau, sucre, graisse végétale de coprah, lait écrémé reconstitué, lactose et protéines de lait, farine de riz 2.2%, lactosérum en poudre, sirop de glucose, cacao maigre en poudre 1.2%, émulsifiants : mono - et diglycérides d'acides gras et esters citriques des mono - et diglycérides d'acides gras, gélifiants : farine de graines de caroube et gomme guar, caramel aromatique, arôme naturel de vanille, sel, beurre de cacao, colorants : rocou et curcumine. Peut contenir des traces de fruits à coque, d'arachides, de soja, d'œufs et de gluten .|1252|18|28|0.5|1.9|0.23|||||||||||||||||0|lactose, lait, lactosérum|E100 - Curcumine,E160b - Rocou,E330 - Acide citrique,E410 - Farine de graines de caroube,E412 - Gomme de guar|
Glaces|Carrefour|Crème glacée Yaourt nature Carrefour|c|Crème glacée au yaourt nature : Yaourt nature 30%, lait écrémé reconstitué, eau, sucre, crème, sirop de glucose-fructose, lactosérum en poudre, sirop de glucose, émulsifiant : mono- et diglycérides d'acides gras, gélifiants : farine de graines de caroube et gomme guar, jus concentré de citron jaune.|670|5.3|23||2.6|0.08001|||||||||||||||||0||E410 - Farine de graines de caroube,E412 - Gomme de guar,E471 - Mono- et diglycérides d'acides gras alimentaires|
Glaces|Carrefour|Sorbet Poire fraîcheur Carrefour|c|Sorbet à la poire 93% : eau, purée de poire 30%*, sirop de glucose-fructose, sucre, arôme naturel de poire avec autres arômes naturels, stabilisants : gomme guar - farine de graines de caroube - pectine, protéines de lait et lactose, jus de citron concentré, dextrose, protéines de pois hydrolysées, acidifiant : acide ascorbique. *Pourcentage exprimé sur le sorbet à la poire. Morceaux de poire semi-confits 7% : Poires 64%*, sirop de glucose-fructose de blé, jus de citron concentré. *Pourcentage exprimé sur les morceaux de poire semi-confits.|506|0.06|26|0.3|0.3|0|||||||||||||||||0||E300 - Acide ascorbique,E410 - Farine de graines de caroube,E412 - Gomme de guar,E440 - Pectines,E440i - Pectine|
Glaces|Carrefour|Crème glacée Yaourt & fruits rouges Carrefour|c|Crème glacée au yaourt 97.8% : Yaourt 30%, lait écrémé reconstitué, eau, sucre, crème, sirop de glucose-fructose, lactosérum en poudre, sirop de glucose, émulsifiant : mono- et diglycérides d'acides gras, gélifiants : farine de graines de caroube et gomme guar, jus concentré de citron. Morceaux de fruits rouges déshydratés 2.2% : Fraise 32.5%, cassis 32.5%, cerise 32.5%, huile de colza.|686|5.3|23|0.6|2.7|0.070104|||||||||||||||||0||E410 - Farine de graines de caroube,E412 - Gomme de guar,E471 - Mono- et diglycérides d'acides gras alimentaires|
Glaces|Carrefour|Vanille|d|Eau, sucre, lait écrémé reconstitué, farine de blé, graisse et huile végétale de coprah, sirop de glucose-fructose, lactosérum en poudre, morceaux de noisettes caramélisées, cacao maigre en poudre 1%, émulsifiants : mono - et diglycérides d'acides gras et lécithines de soja, gélifiants : farine de graines de caroube et gomme guar, arôme naturel de vanille, arôme naturel, sel, gousses de vanille épuisées broyées, colorant : caroténoïdes. Peut contenir des traces d'œufs, d'arachides et d'autres fruits à coque.|966|11|22|0.9|2.5|0.18|||||||||||||||||0|en:gluten,en:milk,en:nuts,en:soybeans,fr:Chemisage et décor au cacao maigre 11 %,fr:Glace à la vanille en décor 35 %,fr:Glace à la vanille en garniture 35 %|E160 - Caroténoïdes,E410 - Farine de graines de caroube,E412 - Gomme de guar|
Glaces|Carrefour|Liégeois au Café|d|Ingrédient: Eau, lait écrémé reconstitué, sucre, graisse et huile végétale de coprah, sirop de glucose, sirop de glucose-fructose, lactose et protéines de lait, café en poudre 0.6%, émulsifiants : mono - et diglycérides d'acides gras et lécithines de soja, gélifiants : farine de graines de caroube - gomme guar - pectines, cacao maigre en poudre 0.4%, arôme naturel de café, colorant : caramel ordinaire, morceaux de noisette 0.2%, chocolat 0.2%, sirop de sucre caramélisé, arôme naturel de vanille, arôme naturel. Peut contenir des traces de gluten, d'œufs, d'arachides et d'autres fruits à coque.|890|9.2|25|0.5|1.9|0.1|||||||||||||||||0|lactose, lait, lactose, lait, soja, amandes|E150a - Caramel E150a,E322 - Lécithines,E410 - Farine de graines de caroube,E412 - Gomme de guar,E440 - Pectines|
Glaces|Carrefour|Crème glacée pistache|d|Crème glacée à la pistache 94% : Lait écrémé réhydraté, crème, eau, sucre, sirop de glucose-fructose de blé, lactose et protéines de lait, pâte de pistache 3%*, émulsifiant : mono- et diglycérides d'acides gras, stabilisants : farine de graines de caroube, gomme guar, carraghénanes, arôme naturel de pistache avec autres arômes naturels, colorants : complexes cuivre-chlorophylles et cuivre-chlorophyllines et curcumine.* Pourcentage exprimé sur la crème glacée à la pistache Morceaux de pistaches 6% Peut contenir des traces d'autres fruits à coque.|848|10|24|0.7|2.5|0.100076|||||||||||||||||0||E141 - Complexe cuivrique des chlorophylles,E407 - Carraghénanes,E410 - Farine de graines de caroube,E412 - Gomme de guar,E471 - Mono- et diglycérides d'acides gras alimentaires|
Glaces|Carrefour|Crème Glacée Vanille|d|_Lait_ écrémé reconstitué, eau, _crème_, sucre, _lactosérum_ en poudre, sirop de glucose, sirop de glucose-fructose, émulsifiant : mono- et diglycérides d'acides gras, gélifiants : farine de graines de caroube et gomme guar, arôme naturel de vanille, gousses de vanille épuisées broyées 0.08%, colorants : rocou et curcumine.|798|8.7|24||2.2|0.13|||||||||||||||||0|Lait, crème, lactosérum|E100 - Curcumine,E160b - Rocou,E410 - Farine de graines de caroube,E412 - Gomme de guar,E471 - Mono- et diglycérides d'acides gras alimentaires|
Glaces|Carte d'Or|Glace café torréfié de Colombie|d|_LAIT_ écrémé réhydraté, _CRÈME_, sucre, _LAIT_ concentré écrémé, café de Colombie en poudre, éclats de grain de café de Colombie 1.5 %, jaune d'_œuf_, arôme naturel, stabilisant|858|11|21||4.2|0.13|||||||||||||||||0|LAIT, CRÈME, LAIT, œuf, LAIT, LAIT|E410 - Farine de graines de caroube|
Glaces|Carte d'Or,Unilever|Crème Glacée Pistache|d|LAIT écrémé réhydraté, CREME fraîche, sucre, sirop de glucose, sirop de glucose-fructose, PISTACHE, BEURRE concentré, LACTOSE et protéines de LAIT, stabilisants, émulsifant, arôme, épinard en poudre, colorant.|925|11|22|0|3.6|0.1|||||||||||||||||0|LAIT, CREME, PISTACHE, BEURRE, LACTOSE, LAIT|E100 - Curcumine,E407 - Carraghénanes,E410 - Farine de graines de caroube,E412 - Gomme de guar,E471 - Mono- et diglycérides d'acides gras alimentaires|
Glaces|Carte d'Or,Unilever|Les Authentiques Rhum Raisins au Rhum des Antilles Françaises|d|LAIT écrémé réhydraté, sucre, CREME, raisins, sirop de glucose, eau, rhum, BEURRE concentré, LACTOSE et protéines de LAIT, stabilisants, émulsifiant, concentré de carotte, arômes, jus de citron concentré. Contient 1.7% d'alcool en volume.|841|7.5|22||2.5|0.1|||||||||||||||||0|LAIT, CREME, BEURRE, LACTOSE, LAIT|E407 - Carraghénanes,E410 - Farine de graines de caroube,E412 - Gomme de guar,E415 - Gomme xanthane,E471 - Mono- et diglycérides d'acides gras alimentaires|
Glaces|Carte d'Or,Unilever,Miko|Crème Glacée Chocolat Noir|d|Eau, crème, _lait_ écrémé réhydraté, sirop de glucose-fructose, sucre, cacao maigre en poudre, pâte de cacao, _lactose_ et protéines de _lait_, émulsifiants, stabilisants, arôme.|990|12|21||4|0.096|||||||||||||||||0|en:milk|E407 - Carraghénanes,E410 - Farine de graines de caroube,E412 - Gomme de guar,E442 - Phosphatides d'ammonium,E471 - Mono- et diglycérides d'acides gras alimentaires|
Glaces|Casino|Cônes Vanille x6|d|_Lait_ écrémé réhydraté - cornet biscuit 16.5%- _crème_ - sucre - sirop de glucose-fructose - eau - graisse de coprah - _lactosérum_ en poudre - caramel 1.9% - cacao maigre en poudre 1% - _amande_ 0.7% - émulsifiants : mono - et diglycérides d'acides gras, lécithines de _soja_ - beurre de cacao - gélifiants : farine de graines de caroube, gomme guar - arôme naturel de vanille - extrait de vanille - colorants : caroténoïdes, curcumine - gousses de vanille broyées épuisées. Traces d'autres _fruits à coque_, _arachides_ et _œuf_.|1200|14|23|1.2|3.1|0.12|||||||||||||||||0|lait, crème, lactosérum, lait, crème, lactosérum, amandes|E100 - Curcumine,E160 - Caroténoïdes,E322 - Lécithines,E410 - Farine de graines de caroube,E412 - Gomme de guar|
Glaces|Casino|Crème glacée à la pistache|c|Crème glacée pistache 94 % : lait entier 28 %, eau, crème fraiche, sirop de glucose-fructose, sucre, lactose et protéines de lait, pâte de pistache 3 %, sirop de glucose, arôme naturel pistache, mono- et diglycérides d'acides gras, complexe cuivrique des chlorophylles, curcumine, gomme tara, carraghénanes. Morceaux de pistaches hachées grillées 6 %.|902|12|18.5|1.3|3.7|0.1524|||||||||||||||||0||E100 - Curcumine,E141 - Complexe cuivrique des chlorophylles,E407 - Carraghénanes,E417 - Gomme tara,E471 - Mono- et diglycérides d'acides gras alimentaires|
Glaces|Casino|Crème brûlée éclats de nougat noir|d|Crème glacée parfum crème brûlée 93.7 % : lait entier, eau, crème, sirop de glucose-fructose, sucre, lactose et protéines de lait, sirop de glucose, mono- et diglycérides d'acides gras, arôme, farine de graines de caroube, gomme guar, arôme naturel, rocou, curcumine. Morceaux de nougat noir enrobés 4.1 % : nougat 95 % [amandes émondées grillées 36 %, sirop de glucose, sucre, pain azyme, caramel ordinaire], enrobage 5 % : matière grasse végétale de noix de coco, cire de carnauba. Morceaux de noisettes au sucre 2.2 % : noisette 50 %, sucre.|832|9.4|24|0.4|2.3|0.1016|||||||||||||||||0||E100 - Curcumine,E150a - Caramel E150a,E160b - Rocou,E410 - Farine de graines de caroube,E412 - Gomme de guar,E471 - Mono- et diglycérides d'acides gras alimentaires,E903 - Cire de carnauba|
Glaces|Casino|Crème glacée café - Inclusions café chocolat|d|_Lait_ entier - eau - _crème_ - sucre - sirop de glucose-fructose - _lactose_ et protéines de _lait_ - sirop de glucose - chocolat noir 2.2%-  café en poudre 0.9% - arôme naturel de café - colorant : caramel ordinaire - émulsifiant : mono - et diglycérides d'acides gras - gélifiants : farine de graines de caroube, gomme guar - extrait naturel de café - agents d'enrobage : gomme arabique, shellac - huile de noix de coco. Traces de _gluten_, _œufs_, _arachides_, _soja_ et _fruits à coque_.|841|8.8|25|0.3|2.3|0.07|||||||||||||||||0||E150a - Caramel E150a,E410 - Farine de graines de caroube,E412 - Gomme de guar,E414 - Gomme d'acacia,E904 - Gomme-laque|
Glaces|Casino Bio, Casino|Crème glacée Chocolat noir bio|c|Eau - sucre de canne* 15% - chocolat de couverture noir* 8%- _lait_ écrémé* en poudre - _beurre_* - cacao* en poudre - épaississant : gomme guar* - blanc d'_œuf_* en poudre - gélifiant : farine de graines de caroube* - stabilisant :  carraghénanes. Traces de _soja_ et _fruits à coque_.  *biologique. Les informations en _gras_ sont destinées aux personnes intolérantes ou allergiques|849|9.2|21|3.8|4.1|0.09|||||||||||||||||0||E407 - Carraghénanes,E410 - Farine de graines de caroube,E412 - Gomme de guar|
Glaces|Chef,Métro|Crème Glacée Vanille|d|Eau, _crème_ fraîche, sucre, lactose et protéines de _lait_, sirop de glucose, émulsifiant: E471. stabilisants : farine de graines de caroube - gomme quar et carraghénanes, arômes naturels de vanille, gousses de vanille épuisées broyées, colorant: E160a.|799|8.4|24.1||1.7|0.2|||||||||||||||||0|Lait, crème, lait, lactose|E160a - Bêta-carotène,E410 - Farine de graines de caroube,E412 - Gomme de guar,E471 - Mono- et diglycérides d'acides gras alimentaires|
Glaces|Cora|Cônes Citron Framboise|c|Eau - sucre - sirop de glucose-fructose - purée de framboise 12.9% - farine de _blé_ - jus de citron à base de concentré 5.7% - _lait_ écrémé réhydraté - matières grasses de palmiste, palme et coprah - _lactose_ et protéines de _lait_ - _crème_ fraîche - purée de framboise concentrée 1% - poudre de cacao maigre -émulsifiants: lécithines de _soja_, mono- et diglycérides d'acides gras - stabilisants: pectines, gomme guar, farine de graines de caroube, carraghénanes - jus de citron concentré - arôme naturel de framboise - protéines de pois hydrolysées - colorant: anthocyanes - dextrose - sureau concentré - arôme naturel - correcteur d'acidité: citrates de sodium - arôme naturel d'orange.|948|6.1|29.4|1.2|2.1|0.07|||||||||||||||||1|blé, lait, lactose, lait, crème, soja|E163 - Anthocyanes,E322 - Lécithines,E331 - Citrates de sodium,E407 - Carraghénanes,E410 - Farine de graines de caroube,E412 - Gomme de guar,E440 - Pectines,E471 - Mono- et diglycérides d'acides gras alimentaires|
Glaces|Dia|Glace 3 Chocolats|c|Glace au chocolat blanc 40.4 %, matière grasse végétale, lactosérum en poudre, lait écrémé en poudre, mono- et diglycérides d'acides gras, stabilisants),  Glace au chocolat 40.4 %, matière grasse végétale, lactosérum en poudre, sucre, lait écrémé en poudre, émulsifiant, stabilisants), Sauce au cacao maigre 17.8 %, sel), Copeaux de chocolat noir 1.4 %).|597|8.3|13.2|0.8|1|0.1016|||||||||||||||||0||E1442 - Phosphate de diamidon hydroxypropyle,E14XX - Amidons modifiés,E322 - Lécithines,E322i - Lécithine,E410 - Farine de graines de caroube,E412 - Gomme de guar,E471 - Mono- et diglycérides d'acides gras alimentaires|
Glaces|Erhard|Crême glacée Bio Chocolat|c|eau, sucre de canne*, chocolat noir* 8 %,, beure de cacao*, poudre de _LAIT_ écrémé*, beure de baratte doux*, poudre de cacao*, épaissisant : gomme guar*, poudre de blanc d’_ŒUF_, gélifiant : farine de graines de caroube*, stabilisant : carraghérianes. * ingrédient issus de l'agriculture biologique|823|9.5|22|3.9|3.9|0.1|||||||||||||||||0|en:eggs,en:milk|E410 - Farine de graines de caroube,E412 - Gomme de guar|
Glaces|Erhard|Glace Chocolat Blanc de Suisse|d|LAIT entier pasteurisé de la ferme, crème pasteurisée de Bretagne, chocolat blanc de Suisse 12 %, sucré, LACTOSE et protéines de LAIT, sirop de glucose déshydraté, émulsifiant: mono- et diglycérides d'acides gras, gélifiants: farine de graines de caroube.|979|13|24||3.2|0.17|||||||||||||||||0|Lait,Soja, LAIT, LAIT, LAIT, SOJA, LACTOSE, LAIT|E322 - Lécithines,E322i - Lécithine,E410 - Farine de graines de caroube,E471 - Mono- et diglycérides d'acides gras alimentaires|
Glaces|Erhard|Glace Marbrée Amarena|d|LAIT entier pasteurisé, sucre, sauce Amarena 10 %, huile de coprah non hydrogénée, LACTOSE et protéines de LAIT, sirop de glucose déshydraté de blé ou maïs, émulsifiant : mono- et diglycérides d'acides gras, gélifiants : farine de graines de caroube, gomme guar.|916|10|25.4|0.2|2.8|0.1524|||||||||||||||||0|LAIT, LACTOSE, LAIT|E120 - Acide carminique,E202 - Sorbate de potassium,E330 - Acide citrique,E407 - Carraghénanes,E410 - Farine de graines de caroube,E412 - Gomme de guar,E471 - Mono- et diglycérides d'acides gras alimentaires|
Glaces|Eskiss,Marque Repère|Crème Glacée Pistache avec Morceaux de Pistache|c|Eau ; crème ; lait _écrémé_ reconstitué ; sucre ; sirop de glucose-fructose ; lactose et protéines de _lait_ ; sirop de glucose ; _pâte_ de pistache 1.9 % ; morceaux de pistaches grillées 1.8 % ; émulsifiants : E471. e472b ; gélifiants : farine de graines de caroube, gomme guar ; arôme naturel; concentre de spiruline ; colorant : curcumine.|734|7.2|22|0.6|2.2|0.05|||||||||||||||||0|écrémé, lait, pâte|E100 - Curcumine,E410 - Farine de graines de caroube,E412 - Gomme de guar,E471 - Mono- et diglycérides d'acides gras alimentaires,E472b - Ester diacétyl-lactique de mono- et diglycérides d'acides gras|
Glaces|Eskiss,Marque Repère|Glace Chocolat Noir|d|Eau ; crème ; _lait_ écrémé reconstitué ; sucre ; chocolat noir 7.5 %, arôme naturel de vanille) ; copeaux de chocolat noir 6 %, arôme naturel de vanille) ; cacao maigre en poudre ; _lactose_ et protéines de _lait_ ; sirop de glucose ; émulsifiant : E471 ; gélifiants : farine de graines de caroube, gomme guar.|989|13|24|2.9|3.5|0.16|||||||||||||||||0|lait, soja, laitière, soja, lactose, lait|E322 - Lécithines,E410 - Farine de graines de caroube,E412 - Gomme de guar,E471 - Mono- et diglycérides d'acides gras alimentaires|
Glaces|Eskiss,Marque Repère,Trofic|Glace menthe-chocolat Trofic|d|_Lait_ écrémé reconstitué ; eau ; _crème_; sirop de glucose, sucre, copeaux de chocolat noir 8 %, arôme naturel de vanille) ; sirop de glucose-fructose, _lactose_ et protéines de _lait_; émulsifiant E471 ; gélifiants : farine de graines de caroube, gomme guar ; arôme naturel de menthe; colorant E141.|828|7.6|24|0.8|2.1|0.08|||||||||||||||||0|Lait, crème, laitière, soja, lactose, lait|E141 - Complexe cuivrique des chlorophylles,E322 - Lécithines,E410 - Farine de graines de caroube,E412 - Gomme de guar,E471 - Mono- et diglycérides d'acides gras alimentaires|
Glaces|Extreme|Le Mystère, Vanille de Madagascar Cœur meringue|d|_Lait_ écrémé réhydraté, sirop de glucose, sucre, eau, _noisettes_ et/ou _amandes_ en proportion variable, _lactose_ et protéines de _lait_, dextrines, huile végétale de coco, blanc d'_œuf_, stabilisants, émulsifiant, gousses de vanille épuisées, arôme naturel de vanille, colorants. * d‘origine végétale|1067|11.2|31.8|2.9|3.6|0.12|||||||||||||||||0|Lait, noisettes, amandes, lactose, lait, œuf|E101 - Riboflavine,E101i - Riboflavine,E1400 - Dextrines,E160 - Caroténoïdes,E407a - Algues euchema transformées,E410 - Farine de graines de caroube,E412 - Gomme de guar,E415 - Gomme xanthane,E471 - Mono- et diglycérides d'acides gras alimentaires|
Glaces|Extrême,Nestlé|Cône Vanille Amandes caramélisées|d|lait écrémé, sucre, huiles végétales, farine de blé, sirop de glucose, eau, lait écrémé concentré sucré, lactose et protéines de lait, morceaux d'amandes, cacao maigre, matière grasse de lait, émulsifiants, mono - et diglycérides d'acides gras), stabilisants, colorants, gousses de vanille épuisées, arôme naturelde vanille, sel, arôme naturel d'amande. Peut contenir des traces d'autres fruits à coque et d'oeuf.|1163|11.3|23.2|1.2|3.5|0.15|||||||||||||||||1|en:gluten,en:milk,en:soybeans|E101 - Riboflavine,E101i - Riboflavine,E150a - Caramel E150a,E160 - Caroténoïdes,E322 - Lécithines,E407 - Carraghénanes,E407a - Algues euchema transformées,E410 - Farine de graines de caroube,E412 - Gomme de guar|
Glaces|Extrême,Nestlé|Cônes glacés, chocolat et pistache|d|eau, _lait_ écrémé réhydraté, sucre, huiles végétales, farine de _blé_, sirop de glucose, _lactose_, protéines de _lait_, cacao maigre, chocolat en poudre 1.9%, _amandes_ 0.8%, émulsifiants, mono- et diglycérides d'acides gras d'origine végétale), pâte de _pistaches_ 0.4%, stabilisants, colorants, arômes naturels, sel|1201|14.5|25.1|1.7|3.1|0.2|||||||||||||||||1|en:gluten,en:milk,en:nuts,en:soybeans|E101 - Riboflavine,E101i - Riboflavine,E141 - Complexe cuivrique des chlorophylles,E150a - Caramel E150a,E322 - Lécithines,E407a - Algues euchema transformées,E410 - Farine de graines de caroube,E412 - Gomme de guar,E471 - Mono- et diglycérides d'acides gras alimentaires|
Glaces|Extrême,Nestlé|Sorbets Citrons Framboises|c|Eau, sucre, framboise à base de concentrés, farine de _blé_ ,sirop de glucose, jus à base de concentré, malto dextrines, cacao maigre, émulsiﬁants:, mono et diglycérides d'acides gras, jus de sureau concentré lactose, protéines de lait, correcteurs d'acidité:,stabilisant:, humectant :, amidon modifié,  colorant, jus de carotte noire concentré, sel, concentré de végétaux, arôme naturel de citron.|858|5.7|25.5|2.4|1.4|0.1|||||||||||||||||0|blé|E14XX - Amidons modifiés,E162 - Rouge de betterave,E330 - Acide citrique,E331 - Citrates de sodium,E410 - Farine de graines de caroube,E412 - Gomme de guar,E422 - Glycérol,E440 - Pectines,E471 - Mono- et diglycérides d'acides gras alimentaires|
Glaces|Extrême,Nestlé|Le Mystère Parfum Crème Brûlée Cœur Caramel|d|_Lait_ écrémé, eau, huiles végétales, sucre, sauce au caramel, sirop de glucose, _lactose et protéines de _lait_, _crème_ fraîche, _lait_ entier en poudre, arômes naturels, _lait_ écrémé en poudre, cacao maigre, émulsifiants, matière grasse de _lait_, stabilisants, gousses de vanille épuisées, extrait de paprika, colorants.|929|11.8|20.7|0.2|1.8|0.12|||||||||||||||||1|Lait, lait, crème, lait, lait, soja, lait|E101 - Riboflavine,E101i - Riboflavine,E160 - Caroténoïdes,E160c - Extrait de paprika,E322 - Lécithines,E407a - Algues euchema transformées,E410 - Farine de graines de caroube,E412 - Gomme de guar,E471 - Mono- et diglycérides d'acides gras alimentaires|
Glaces|Ferme De La Gautraie|Glace au Lait Entier Mûre|c|_Lait_ entier pasteurisé de nos vaches, sucre, pâte de mûre, dextrose, sirop de glucose, agents de texture : mono- et diglycérides d'acides gras, carboxymethylcellulose, gomme guar, tara, carraghénane, pectine. Antioxydants : acide citrique. Colorant : anthocyane.|711|4.4|25||3.3|0.2|||||||||||||||||0|Lait|E163 - Anthocyanes,E330 - Acide citrique,E407 - Carraghénanes,E412 - Gomme de guar,E440 - Pectines,E440i - Pectine,E466 - Carboxyméthylcellulose,E471 - Mono- et diglycérides d'acides gras alimentaires|
Glaces|Franprix|Crème Glacée Chocolat Noir, Sauce Chocolat et Morceaux de Banane|c|_Lait_ entier pasteurisé - préparation au chocolat- épaississant : amidon modifié de maïs - émulsifiant: mono et diglycérides d‘acides gras) - _crème_ fraîche pasteurisée - préparation à la banane 7.4%- sucre - chocolat noir 5.4%— cacao en poudre - bananes séchées en morceaux 2.4%- _lactose_ et protéines de _lait_ - _lait_ en poudre écrémé - émulsifiant : mono- et diglycérides d’acides gras - géliﬁants : farine de graines de caroube, gomme guar.|823|8.7|19.9|2.1|4.4|0.13|||||||||||||||||0|Lait, crème, soja, anhydride sulfureux, lactose, lait, lait|E14XX - Amidons modifiés,E220 - Anhydride sulfureux,E300 - Acide ascorbique,E322 - Lécithines,E322i - Lécithine,E330 - Acide citrique,E410 - Farine de graines de caroube,E412 - Gomme de guar,E471 - Mono- et diglycérides d'acides gras alimentaires|
Glaces|Franprix|Crème Glacée Caramel Sauce Caramel Beurre Salé et Éclats de Noisettes Caramélisées|d|_Lait_ entier pasteurisé, caramel 12.9%, _crème_ fraîche pasteurisée, préparation de caramel au beurre salé, eau, arôme naturel, gélifiant : pectines, émulsifiant : mono- et diglycérides d'acides gras), _lactose_ et protéines de _lait_, sucre, noisettes caramélisées, jaune d'_œuf_, émulsifiant : mono- et diglycérides d'acides gras, gélifiant : farine de graines de caroube, gomme guar, colorant : caramel ordinaire.|841|8.5|21.5||4.4|0.18|||||||||||||||||0|Lait, crème, lait, beurre, lactose, lait, noisettes, œuf|E150a - Caramel E150a,E410 - Farine de graines de caroube,E412 - Gomme de guar,E440 - Pectines,E471 - Mono- et diglycérides d'acides gras alimentaires|
Glaces|Franprix|Crème Glacée Caramel, Sauce Caramel Beurre Salé et Éclats de Caramel|d|_Lait_ entier pasteurisé, préparation de caramel au beurre salé 15.9%- eau - arôme naturel - gélifiant : pectines, émulsifiant : mono- et diglycérides d'acide gras) - correcteur d'acidité : citrate de sodium) - caramel au beurre salé au sel de Guérande 13.7%- _crème_ fraîche pasteurisée - éclats de caramel- beurre de cacao) - sirop de glucose déshydraté - _lactose_ et protéines de _lait_ - émulsifiant : mono- et diglycérides d'acides gras - gélifiant : farine de graines de caroube, gomme guar.|909|8.3|21.5||3|0.3|||||||||||||||||0|Lait, lait, beurre, beurre, crème, crème, lactose, lait|E331 - Citrates de sodium,E410 - Farine de graines de caroube,E412 - Gomme de guar,E440 - Pectines,E471 - Mono- et diglycérides d'acides gras alimentaires|
Glaces|Franprix|Crème Glacée Chocolat, Sauce Chocolat et Éclats de Chocolat|d|_Lait_ entier pasteurisé - préparation au chocolat- épaississant : amidon modifié de maïs - émulsifiant : mono et diglycérides d‘acides gras) - _crème_ fraîche pasteurisée - éclats de chocolat 7.7%- sucre - chocolat noir 6.1% (sucre - pâte de cacao - beurre de cacao - émulsifiant : lécithine de _soja_ - sirop de sucre inverti - cacao en poudre -_lactose et protéines de _lait_ - émulsifiant : mono- et diglycérides d’acides gras - géliﬁants : farine de graines de caroube, gomme guar.|971|10.7|24.9|3.2|4.3|0.08|||||||||||||||||0|Lait, crème, soja, soja, lait|E14XX - Amidons modifiés,E322 - Lécithines,E322i - Lécithine,E410 - Farine de graines de caroube,E412 - Gomme de guar,E471 - Mono- et diglycérides d'acides gras alimentaires|
Glaces|Franprix|Crème Glacée à la Pâte à Tartiner avec Morceaux de Biscuit|c|_Lait_ entier pasteurisé - pâte à tartiner à la noisette 12.3% -- _noisette_ 1.5% - cacao maigre en poudre 0.9% - poudre de _lait_ écrémé - _lactosérum_ en poudre - émulsifiant : lécithine de   tournesol - arôme) - sucre - _crème_ fraîche pasteurisée - sirop de glucose  déshydraté - morceaux de biscuit 4.8%- _lactose_ et protéines de _lait_ - cacao en poudre 2.3% - émulsifiant : mono et diglycérides d’acides gras - gélifiants : farine de graines de caroube, gomme guar.        |864|8.7|20.6|2.1|4.1|0.19|||||||||||||||||0|Lait, noisette, lait, lactosérum, crème, blé, lactose, lait|E322 - Lécithines,E322i - Lécithine,E410 - Farine de graines de caroube,E412 - Gomme de guar,E471 - Mono- et diglycérides d'acides gras alimentaires|
Glaces|Franprix|Crème Glacée Yaourt Fruits Rouges|d|_Lait_ entier pasteurisé - préparation aux fruits rouges- sucre - _crème_ fraîche pasteurisée - yaourt nature brassé 4.2%- préparation _laitière_ en poudre- _lait_ écrémé en poudre - acidifiant : acide citrique - arômes) - _lait_ écrémé en poudre - _lactose_ et protéines de _lait_ - émulsifiant :  mono- et diglycérides d‘acides gras - gélifiants : : farine de graines de caroube, gomme guar.|745|5.9|24.4||3.8|0.13|||||||||||||||||0|Lait, crème, lait, lait, lactiques, laitière, lait, lait, lait, lactose, lait|E14XX - Amidons modifiés,E163 - Anthocyanes,E330 - Acide citrique,E331 - Citrates de sodium,E410 - Farine de graines de caroube,E412 - Gomme de guar,E471 - Mono- et diglycérides d'acides gras alimentaires|
Glaces|Glaces Ruiz|Maxicône Pistache Noisette|d|Crème glacée PISTACHE et NOISETTE 76 %, jaune d'ŒUF, colorants : E102. E131), gaufrette, chocolat de couverture, NOISETTES caramélisées, CREME, stabilisant : carraghénane), épaississant: farine de caroube.|1105|13.1|26.5||4.6|0.11|||||||||||||||||0|PISTACHE, NOISETTE, LAIT, BEURRE, LAIT, NOISETTE, PISTACHE, PISTACHE, ŒUF, BLÉ, SOJA, SOJA, NOISETTES, CREME|E102 - Tartrazine,E131 - Bleu patenté V,E322 - Lécithines,E322i - Lécithine,E407 - Carraghénanes|
Glaces|Glaces des Alpes|Glace Brownies au Chocolat Valrhona|d|_Lait_ écrémé réhydraté, sucre, _crème_, dextrose, noix de pécan, cacao en poudre, beurre de cacao, poudre de _lait_ entier, albumine d'_œuf_, amandes, arôme naturel de vanille, _beurre_ d'Echiré, extrait de malt d'_orge_, extrait naturel de vanille, farine de _blé_, farine de maïs, fécule de pomme de terre, fèves de cacao, huile de coco, miel, noix, _œufs_, pâte de cacao, sel, sirop de glucose, sucre roux émulsifiant: E471. lécithine de _soja_, stabilisant:alginate de sodium, carraghénanes, farine de graines de caroube, gomme de guar, dont chocolat au lait 10 %, éclats de _noix de pécan_ caramélisées 6 % et morceaux de cookies au chocolat 4 %.|1096|14.4|25.4||5|0.15|||||||||||||||||0||E322 - Lécithines,E322i - Lécithine,E401 - Alginate de sodium,E407 - Carraghénanes,E410 - Farine de graines de caroube,E412 - Gomme de guar,E471 - Mono- et diglycérides d'acides gras alimentaires|
Glaces|Glaces des Alpes|Glace Rhum Raisin|d|_Lait_ écrémé réhydraté, sucre, raisins Golden 8.2 %, jaune d’_œuf_, rhum 60° 3% , huile de coco, beurre d'Echiré, protéines de _lactosérum_, sirop de glucose déshydraté, émulsifiant E471. stabilisant alginate de sodium, carraghénanes, farine de graines de caroube, gomme de cellulose, gomme de guar, dont raisins Golder marinés au Rhum 3 %.|745|6.2|23.3||4.2|0.18|||||||||||||||||0|Lait, œuf, lactosérum|E401 - Alginate de sodium,E407 - Carraghénanes,E410 - Farine de graines de caroube,E412 - Gomme de guar,E466 - Carboxyméthylcellulose,E471 - Mono- et diglycérides d'acides gras alimentaires|
Glaces|HDG,Histoires De Glaces|Glace à la Chartreuse verte|c|_Lait_ écrémé réhydraté, sucre, jaune d’_œuf_, préparation spéciale Chartreuse des Pères Chartreux 3%, _beurre_ doux, huile de noix de coco, texturant, _lactose_, _lait_ écrémé en poudre, protéines de _lait_, sirop de glucose, émulsiﬁant : mono et diglycérides d'acides gras, stabilisants : gomme de cellulose, gomme de guar), émulsiﬁant: mono et diglycérides d'acides gras, stabilisants : farine de caroube, alginate de sodium, carraghénanes, gomme de guar, colorants : complexes cuivre-chlorophyllines, curcumine.  |724|6.6|18.6||4.5|0.2|||||||||||||||||0|Lait, œuf, beurre, lactose, lait, lait|E100 - Curcumine,E141 - Complexe cuivrique des chlorophylles,E141ii - Sels de sodium et de potassium de complexes cupriques de chlorophyllines,E401 - Alginate de sodium,E407 - Carraghénanes,E412 - Gomme de guar,E466 - Carboxyméthylcellulose,E471 - Mono- et diglycérides d'acides gras alimentaires|
Glaces|HDG,Histoires De Glaces|Glace parfum Violette au miel des Alpes|d|_Lait_ écrémé réhydraté, sucre, miel des Alpes 7 %, dextrose, _crème_, _beurre_ doux, huile de noix de coco, texturant, arôme violette 0.5 %, émulsifiant : mono et diglycérides d'acides gras, stabilisants : farine de caroube, alginate de sodium, carraghénanes, gomme de guar, denrée alimentaire colorante.|730|6.5|24.5||3.5|0.1|||||||||||||||||0|Lait, crème, crème, beurre, lactose, lait, lait|E270 - Acide lactique,E401 - Alginate de sodium,E407 - Carraghénanes,E412 - Gomme de guar,E466 - Carboxyméthylcellulose,E471 - Mono- et diglycérides d'acides gras alimentaires|
Glaces|HDG,Histoires De Glaces|Glace vanille bourbon de madagascar|d|_Lait_ écrémé réhydraté*, sucre pure canne blanc*, jaune d'_œuf_*, sirop de _blé_*, _crème_ fraîche*, _beurre_ doux*, maltodextrine de _blé_*, extrait de vanille Bourbon de Madagascar* 1.5 %, stabilisants : farine de graines de guar*, poudre de blanc d’_œuf_*, farine de graines de caroube* et carraghénanes, gousses de vanille* épuisées broyées 0.07 %. *Ingrédients issus de l'agriculture biologique.|752|7.4|23.1||4.5|0.1|||||||||||||||||0|en:eggs,en:gluten,en:milk|E407 - Carraghénanes,E410 - Farine de graines de caroube,E412 - Gomme de guar|
Glaces|Haagen Dazs|Dark chocolate and almonds|d|Crème fraîche, sucre, lait écrémé concentré, cacao maigre en poudre, jaune d'œuf, pâte de cacao, amandes grillées, huile de noix de coco, beurre de cacao, sirop de glucose, sirop de sucre caramélisé, émulsifiant : lécithine de soja, arôme naturel de vanille, beurre concentré.|1184|19|20.6|2.6|5|0.17|||||||||||||||||0||E322 - Lécithines,E322i - Lécithine|
Glaces|Histoires de glaces|Glace Crème de marron|d|Crème de marrons de l'Ardèche 30%, _crème_, _lait_ écrémé réhydraté, sucre, brisures de marrons glacés 4%), jaune d’_œuf_, sirop de glucose déshydraté, émulsifiant : E471. stabilisants : farine de caroube, alginate de sodium, gomme de guar et carraghénanes, cacao maigre en poudre.|941|10.2|23.7||2.7|0.1|||||||||||||||||0|crème, lait, œuf|E401 - Alginate de sodium,E407 - Carraghénanes,E412 - Gomme de guar,E471 - Mono- et diglycérides d'acides gras alimentaires|
Glaces|Häagen-Dazs|Creations Dark chocolate & almonds|d|_Crème_ fraîche, sucre, _lait_ écrémé concentré, cacao maigre en poudre, jaune d'_œuf_, pâte de cacao, _amandes_ grillées, huile de noix de coco, beurre de cacao, sirop de glucose, sirop de sucre caramélisé, émulsifiant : lécithine de _soja_, arôme naturel de vanille, _beurre_ concentré.|1184|19|20|2.6|5|0.2|||||||||||||||||0|Crème, lait, œuf, amandes, soja, beurre|E322 - Lécithines,E322i - Lécithine|
Glaces|Häagen-Dazs|Caramel biscuit and cream speculoos|d|_Crème_ fraîche, _lait_ écrémé concentré, sucre, farine de _blé_, jaune d'_oeuf_, huiles végétales, sirop de glucose déshydraté, _lait_ entier concentré, sirop de glucose, sel, sucre roux, poudre à lever : bicarbonate de sodium, farine de _soja_, cannelle, arôme naturel de vanille.|1192|18.4|18.5|0.1|4.6|0.34|||||||||||||||||1|Crème, lait, blé, oeuf, lait, soja|E500 - Carbonates de sodium,E500ii - Carbonate acide de sodium|
Glaces|Häagen-Dazs|Crème glacée Chocolate Midnight Cookies|d|CREME fraîche, LAIT écrémé concentré, sucre, jaune d'OEUF, cacao en poudre, farine de BLE, huile de noix de coco, sirop de glucose, pâte de cacao, cacao maigre en poudre, sucre brun, arôme naturel de vanille, sel, blanc d'OEUF, BEURRE, poudre à lever: bicarbonate de sodium, beurre de cacao, émulsifiant: lécithine de SOJA.|1196|17.4|24.3|1.2|4.8|0.25|||||||||||||||||0|CREME, LAIT, OEUF, BLE, OEUF, BEURRE, SOJA|E322 - Lécithines,E322i - Lécithine,E500 - Carbonates de sodium,E500ii - Carbonate acide de sodium|
Glaces|Häagen-Dazs|Cookie dough chip|d|_Crème_ fraîche, _lait_ écrémé concentré, sucre, farine de _blé_, jaune d'_oeuf_, huiles végétales, sirop de glucose, _beurre_, cacao maigre en poudre, arôme naturel de vanille, sel, pâte de cacao, poudre à lever : bicarbonate de sodium, _beurre_ concentré, émulsifiant : lécithine de _soja_|1218|18.6|22.4|0.4|4.1|0.2|||||||||||||||||0|Crème, lait, blé, oeuf, beurre, beurre, soja|E322 - Lécithines,E322i - Lécithine,E500 - Carbonates de sodium,E500ii - Carbonate acide de sodium|
Glaces|Häagen-Dazs|Haagen Dazs Pralines & cream|d|CREME fraîche, LAIT écrémé concentré, sucre, jaune d'ŒUF, NOIX DE PECAN, sirop de glucose, arôme naturel de vanille, BEURRE, sel, gélifiant: pectine.|1151|16.2|26.9|0.2|4|0.3|||||||||||||||||0|CREME, LAIT, ŒUF, NOIX, PECAN, BEURRE|E440 - Pectines,E440i - Pectine|
Glaces|Häagen-Dazs|Salted caramel|e|_Crème_ fraîche, sucre, _lait_ écrémé concentré, jaune d'_œuf_, sirop de glucose déshydraté, _beurre_, sirop de glucose, _lait_ entier concentré, huile de noix de coco, sel, émulsifiant, arôme naturel de vanille, gélifiant|1188|17.3|22.5|0|4|0.48|||||||||||||||||0||E322 - Lécithines,E322i - Lécithine,E440 - Pectines|
Glaces|Häagen-Dazs|Maxi Plaisir Vanilla|d|_Crème_ fraîche, _lait_ concentré, sucre, jaune d'_oeuf_, arôme naturel de vanille.|1050|17|18.8|0|4.3|0.18|||||||||||||||||0|||
Glaces|Häagen-Dazs|Vanilla Caramel Almond|e|Crème glacée vanille, chocolat de couverture, sauce caramel, _amandes_ grillées.|1481|25.6|24.7|1.4|5.2|0.25|||||||||||||||||0|en:eggs,en:milk,en:nuts,en:soybeans|E322 - Lécithines,E322i - Lécithine,E440 - Pectines|
Glaces|Häagen-Dazs|White & Almond|e|crème glacée à la vanille, chocolat blanc belge, amandes caramélisées.|1515|26.8|24.6|0.4|5.2|0.23|||||||||||||||||0|en:eggs,en:milk,en:nuts,en:soybeans|E322 - Lécithines,E322i - Lécithine|
Glaces|Häagen-Dazs|Speculoos|d|Crème glacée au caramel, morceaux de spéculoos.|1544|18.4|22.3||4.9|0.21|||||||||||||||||0|crème, lait, œuf, lait, lait, lait, soja, blé, beurre|E322 - Lécithines,E322i - Lécithine,E500 - Carbonates de sodium,E500ii - Carbonate acide de sodium|
Glaces|Häagen-Dazs|Milk and Cream - Honey Walnut and Cream|d|CREME fraîche, sucre, LAIT écrémé concentré, LAIT entier concentré, sirop de glucose déshydraté, NOIX, jaune d'OEUF, miel de fleurs, amidon de mais, huile de noix de coco, gélifiant : pectines, sel.|1094|15.1|23.1|0.2|4.1|0.15|||||||||||||||||0|CREME, LAIT, LAIT, NOIX, OEUF|E440 - Pectines|
Glaces|Häagen-Dazs,General Mills|Strawberry Cheesecake|d|_Crème_ fraîche, sucre, _lait_ écrémé concentré , purée de fraises, farine de _blé_, jaune d'_œuf_, huile de noix de coco, purée de framboises, préparation _fromagère_, jus de citron issu de concentré, matière grasse _laitière_, arômes naturels, gélifiant: pectines, mélasses, sel, poudre à lever: bicarbonate de sodium.|1096|14.4|25|0.3|3.8|0.3|||||||||||||||||0|Crème, lait, blé, œuf, fromagère, laitière|E440 - Pectines,E500 - Carbonates de sodium,E500ii - Carbonate acide de sodium|
Glaces|Intermarché,L'Essentiel,Adélie,Sélection les Mousquetaires|Adélie L'Essentiel Crème glacée vanille le bac de 500|d|_Lait_ écrémé réhydraté, crème fraîche, sucre, _lait_ écrémé en poudre, jaunes d'_œufs_, grains de vanille de Madagascar.|866|11.7|21||4.5|0.15|||||||||||||||||0|Lait, lait, lait, œufs||
Glaces|L'Angélys|Crème Glacée Plombières|c|Eau, jaune d’_œuf_, poudre de _lait_ écrémé, crème, sirop de glucose de maïs, morceaux de fruits confits 7 %, beurre concentré, Grand Marnier® Cordon Rouge, Kirsch 4.6 %, émulsifiant), stabilisants.|774|7.9|18.3||3.46|0.1|||||||||||||||||0|œuf, lait|E330 - Acide citrique,E401 - Alginate de sodium,E407 - Carraghénanes,E410 - Farine de graines de caroube,E412 - Gomme de guar,E471 - Mono- et diglycérides d'acides gras alimentaires|
Glaces|L'Angélys|Crème Glacée Réglisse|c|Eau, sucre, poudre de _lait_ écrémé, _crème_, _beurre_ concentré, sirop de glucose de maïs, extrait de réglisse 3.8 %, émulsifiant), stabilisants, poudre de réglisse 0.08 %.|778|8.1|15.6||3.8|0.16|||||||||||||||||0|lait, crème, beurre|E401 - Alginate de sodium,E407 - Carraghénanes,E410 - Farine de graines de caroube,E412 - Gomme de guar,E471 - Mono- et diglycérides d'acides gras alimentaires|
Glaces|L'Angélys|Crème Glacée Cognac-Raisins|d|Eau, sucre, jaune d’_œuf_, poudre de _lait_ écrémé, _crème_, sirop de glucose de mais, raisins macérés au cognac XO 40 % vol, _beurre_ concentré, Cognac XO 40 % vol, émulsifiant, stabilisants.|791|8.3|18.5||3.7|0.09|||||||||||||||||0|œuf, lait, crème, beurre|E401 - Alginate de sodium,E407 - Carraghénanes,E410 - Farine de graines de caroube,E412 - Gomme de guar,E471 - Mono- et diglycérides d'acides gras alimentaires|
Glaces|L'Angélys|Glace Caramel Beurre Salé|d|Eau, sucre, caramel, poudre de _lait_ écrémé, _beurre_ salé de baratte, _crème_, sirop de glucose de maïs, émulsifiant : mono et diglycérides d'acides gras, stabilisants : farine de caroube, alginate de sodium, farine de graines de guaret carraghénanes.|816|8.6|17||3.5|0.4|||||||||||||||||0|en:milk|E401 - Alginate de sodium,E412 - Gomme de guar,E471 - Mono- et diglycérides d'acides gras alimentaires|
Glaces|L'Artisan Givré|Crème Glacée Barbe à Papa|d|GLACE BARBE À PAPA INGREDIENTS: Crème fraiche, lait écrémé reconstitué, sucre, grains de sucre 10.5%, lactose, sirop de glucose, protéines de lait, eau, dextrose, arômes, stabilisants: Farine de graines de caroube Farine de graines d Carraghénanes, émulsifiant : mono & diglycérides d'acide gras, jus de betterave, acérola, citron, pâte aromatique 0.1%Fabriqué dans un atelier manipulant des oeufs, soja.|1142|13|36||1.5|0.2|||||||||||||||||0|LAIT, LAIT, LAIT, LAIT, LAIT, SULFITES|E410 - Farine de graines de caroube|
Glaces|L'angélys|Creme glacée vanilles gousses entieres|c|Eau, sucre, _lait_ demi écrémé, _oeufs_, _crème_, sirop de glucose, poudre de _lait_ écrémé, _beurre_ concentré, gousses entières de vanille, stabilisants*.|695|9.7|15||4.3|0.08|||||||||||||||||0|Œufs,Lait, lait, oeufs, crème, lait, beurre|E410 - Farine de graines de caroube,E412 - Gomme de guar|
Glaces|La Manufacture des Belles Glaces|Crème glacée caramel, beurre et sel de guérande|d|Lait écrémé reconstitué, caramel 12%, crème fraîche, beurre 7%, caramel 6%, marbrage au caramel 5%, sucre, morceaux de caramel 4%, caramel 0.8%, protéine de pomme de terre, sel de Guérande 0.26%, stabilisants : gomme de guar et farine de caroube.|967|9.89|29.6|0.19|3.52|0.45|||||||||||||||||0|en:milk|E412 - Gomme de guar,E414 - Gomme d'acacia,E440 - Pectines,E440i - Pectine|
Glaces|La Manufacture des Belles Glaces|Crème glacée Spéculoos de Belgique|d|Lait écrémé reconstitué, spéculoos 10.7 %, sirop de sucre candi, poudre à lever carbonate acide de sodium, farine de soja, sel, cannelle), sucre dextrose, beurre, crème fraiche, pâte de spéculoos 1.7%, sirop de candi, beurre concentré, poudre à lever, sel, cannelle), huiles végétales, sucre, huiles végétales totalement hydrogénées, émulsifiant: lécithine de tournesol, citroglycérides, acidifiant: acide citrique), protéine de pomme de terre, stabilisants : farine de caroube et gomme de guar.|841|7.49|24.93|0.24|4.17|0.2|||||||||||||||||1|en:gluten,en:milk,en:soybeans|E322 - Lécithines,E322i - Lécithine,E330 - Acide citrique,E472c - Ester citrique des mono et diglycérides d'acides gras alimentaires,E500 - Carbonates de sodium,E500ii - Carbonate acide de sodium|
Glaces|La Manufacture des Belles Glaces|Glace Pain d'épices|d|Lait écrémé reconstitué, pain d'épices 10%, arôme naturel de citron, arôme naturel d'anis), sucre, dextrose, beurre, crème, miel, pastis, protéine de pomme de terre, stabilisants : farine de caroube, gomme de guar et carraghénanes, mélange d'épices 0.03%.|761|6.23|23.24|0.21|3.93|0.16|||||||||||||||||0||E407 - Carraghénanes,E412 - Gomme de guar,E500 - Carbonates de sodium,E500ii - Carbonate acide de sodium,E503 - Carbonates d'ammonium,E503ii - Carbonate acide d'ammonium|
Glaces|La Manufacture des Belles Glaces|Glace Plombières|c|Lait écrémé reconstitué, sucre, cubes de fruits confits 7%, acidifiant: acide citrique, colorants : carmins, E133. érythrosine et caramel), beurre, jaune d'œuf, kirsch 3.4%, extrait de vanille, protéine de pomme de terre, stabilisants: farine de caroube et gomme de guar.|720|6.22|20.9|0.17|4.04|0.11|||||||||||||||||0||E120 - Acide carminique,E127 - Érythrosine,E133 - Bleu brillant FCF,E150 - Caramel,E202 - Sorbate de potassium,E220 - Anhydride sulfureux,E330 - Acide citrique,E415 - Gomme xanthane|
Glaces|La Manufacture des Belles Glaces|Crème glacée Vanille Bourbon de Madagascar au lait entier|d|Lait entier, sucre, jaune d'oeuf, dextrose, beurre, crème fraiche, lait écrémé en poudre, extrait de vanille 3.3%, protéine de pomme de terre, stabilisants: farine de caroube et gomme de guar, graines de vanille 0.05%.|812|9.11|23.15||4.68|0.12|||||||||||||||||0|||
Glaces|La Manufacture des Belles Glaces|Glace Barbe à papa|d|Lait écrémé reconstitué, purée de noix de coco, sirop de sucre inveni), sucre, dextrose, crème, huile de noix de cristaux de sucre rose 2%, poudre de noix de coco, texturant, arôme, émulsifiant: mono et diglycerides d'acides gras, stabilisants: farine de caroube, alginate de sodium, gomme de guar, carraghénanes, colorant: cochenille, pâte aromatique, arôme naturel de noix de coco avec autres arômes naturels.|854|9.09|26.19|0.49|3.31|0.11|||||||||||||||||0|en:milk|E120 - Acide carminique,E171 - Oxyde de titane,E401 - Alginate de sodium,E407 - Carraghénanes,E412 - Gomme de guar,E466 - Carboxyméthylcellulose,E471 - Mono- et diglycérides d'acides gras alimentaires|
Glaces|La Manufacture des Belles Glaces|Crème glacée Vanille Bourbon de Madagascar, noix macadamia et sauce caramel|d|Lait écrémé reconstitué, sucre, jaune d'œuf, dextrose, beurre, crème fraiche, caramel 5%, éclats de noix de macadamia caramélisées 4%, extrait naturel de vanille 2%, protéine de pomme de terre, stabilisants : gomme de guar et farine de caroube.|879|9.14|26.48|0.38|4.28|0.14|||||||||||||||||0|en:eggs,en:milk,en:nuts|E412 - Gomme de guar,E440 - Pectines,E440i - Pectine|
Glaces|La Manufacture des Belles Glaces|Glace parfum Barbe à papa|d|Lait écrémé reconstitué, purée de noix de coco, sirop de sucre inverti), sucre, dextrose, crème, huile de noix de coco cristaux de sucre rose 2%, matière grasse végétale, poudre de noix de coco, texturantsirop de glucose, émulsifiant: mono et diglycérides d'acides gras, stabilisants: gomme de cellulose et gomme de guar) arôme, émulsifiant: mono et diglycérides d'acides gras, stabilisants : farine de caroube, alginate de sodium, gomme de guar, carraghénanes, colorant : cochenille, pate aromatique, arôme naturel de noix de coco avec autres arômes naturels.|854|9.09|26.19|0.49|3.31|0.11|||||||||||||||||0|en:eggs,en:gluten,en:milk,en:nuts,en:peanuts,en:soybeans|E120 - Acide carminique,E171 - Oxyde de titane,E401 - Alginate de sodium,E407 - Carraghénanes,E412 - Gomme de guar,E466 - Carboxyméthylcellulose,E471 - Mono- et diglycérides d'acides gras alimentaires|
Glaces|La Manufacture des Belles Glaces|Chocolat noir de Tanzanie avec morceaux et sauce chocolat|d|Lait écrémé reconstitué, sucre, crème fraiche, marbrage au chocolat 5%, poudre de cacao maigre), dextrose, copeaux de chocolat 4%, beurre, poudre de cacao, poudre de cacao de Tanzanie 1.9%, sirop de sucre inverti, chocolat noir de Tanzanie 1%, protéines de lait, protéine de pomme de terre, stabilisants: farine de caroube et gomme de guar|941|8.76|30.17|2.14|4.5|0.09|||||||||||||||||0|en:milk,en:soybeans|E322 - Lécithines,E322i - Lécithine|
Glaces|La Manufacture des Belles Glaces|Crème glacée Caramel, Beurre et Sel de Guérande|d|Lait écrémé réhydraté, caramel 18.9%, crème, beurre 7.2%, caramel 3.7%, sucre, émulsifiant : mono et diglycérides d'acides gras, stabilisants : farine de caroube, alginate de sodium, gomme de guar, carraghénanes, pectine, sel de Guérande 0.2%.|820|9.2|24.9|0.2|3.4|0.37|||||||||||||||||0||E150c - Caramel ammoniacal,E401 - Alginate de sodium,E407 - Carraghénanes,E412 - Gomme de guar,E440 - Pectines,E440i - Pectine,E471 - Mono- et diglycérides d'acides gras alimentaires|
Glaces|Labeyrie|Crème glacée marron |d|_Lait_ entier pasteurisé, crème de marrons 25 %, _crème_ pasteurisée, _beurre_ concentré, sirop de glucose déshydraté, _lactose_ et protéines de _lait_, sucre, préparation stabilisante, pâte de marrons glacés 1.5 %, rhum, colorant : caramel ordinaire).|879|8.8|20.5||2.5|0.13|||||||||||||||||0|Lait, crème, beurre, lactose, lait|E150a - Caramel E150a|
Glaces|Leader Price|Glace vanille bourbon|d|Eau, _lait_ écrémé réhydraté, sucre, sirop de glucose-fructose, _lactose_ et protéines de _lait_, graisse de coprah, sirop de glucose, émulsifiants : mono- et diglycérides d'acides gras, esters lactiques des mono- et diglycérides d'acides gras, gélifiants : farine de graines de caroube, gomme guar, arôme naturel de vanille Bourbon 0.25 %, gousses de vanille broyées épuisées 0.08 %, extrait de vanille Bourbon 0.045 %, colorants : caroténoïdes, rocou.|691|6.1|22.2||1.8|0.13|||||||||||||||||0|lait, lactose, lait|E160 - Caroténoïdes,E160b - Rocou,E410 - Farine de graines de caroube,E412 - Gomme de guar,E471 - Mono- et diglycérides d'acides gras alimentaires,E472b - Ester diacétyl-lactique de mono- et diglycérides d'acides gras|
Glaces|Leader Price|10 bâtonnets Saveur Vanille|d|Eau, enrobage au cacao maigre 23.5%, sucre, graisse végétale de coprah, sirop de glucose-fructose, _lactose_ et protéines de _lait_ écrémé en poudre, _noisettes_ 2.3%, brisures d'amaretti 1.2%, émulsifiant : mono - et diglycérides d'acides gras, gélifiants : farine de graines de caroube, gomme guar, arôme, colorant : caroténoïdes, vanilline.|1285|21.2|24.2||2.4|0.12|||||||||||||||||0|lactosérum, lactose, lait, noisettes, blé, blé, blé, œuf|E150b - Caramel de sulfite caustique,E160 - Caroténoïdes,E410 - Farine de graines de caroube,E412 - Gomme de guar,E503 - Carbonates d'ammonium,E503ii - Carbonate acide d'ammonium|
Glaces|Leader Price|Glace Chocolat aux Pépites de Chocolat|d|Eau, chocolat en poudre 13.9 %, sirop de glucose-fructose, graisse de coprah, morceaux de chocolat 7 %, _lactose_ et protéines de _lait_, cacao maigre en poudre, émulsifiant : mono - et diglycérides d'acides gras, gélifiants : farine de graines de caroube, gomme guar, extrait de coco.|911|10.6|23.7||2.8|0.22|||||||||||||||||0|laitière, soja, lactose, lait|E322 - Lécithines,E322i - Lécithine,E410 - Farine de graines de caroube,E412 - Gomme de guar|
Glaces|Leader Price|10 bâtonnets au chocolat|d|Eau, enrobage au cacao maigre 23.5 %, chocolat en poudre 9.5 %, sirop de glucose-fructose, graisse végétale de coprah, _lactose_ et protéines de _lait_, _noisettes_ 2.3 %, brisures d'amaretti 1.2 %, sucre, extrait de _malt_, _lait_ écrémé en poudre, émulsifiant : mono- et diglycérides d'acides gras, gélifiants : farine de graines de caroube, gomme guar, extrait de coco, arôme naturel de vanille avec d'autres arômes naturels.|1303|20.4|26.1||2.3|0.125|||||||||||||||||0|lactosérum, lactose, lait, noisettes, blé, blé, oeuf, malt, lait|E150b - Caramel de sulfite caustique,E410 - Farine de graines de caroube,E412 - Gomme de guar,E471 - Mono- et diglycérides d'acides gras alimentaires,E472c - Ester citrique des mono et diglycérides d'acides gras alimentaires,E503 - Carbonates d'ammonium,E503ii - Carbonate acide d'ammonium|
Glaces|Leader Price|Crème glacée chocolat|d|_Lait_ écrémé reconstitué, _crème_, sucre, chocolat 5 %, _lait_ écrémé en poudre, poudre de cacao maigre, amidon, fibres d'agrumes, jaune d'_oeuf_ en poudre.|968|13.1|19.4|1.1|5.6|1.016|||||||||||||||||0|Lait, crème, lait, oeuf||
Glaces|Leader Price|Glace pistache avec éclats de pistache|d|Eau, _lait_ écrémé réhydraté, sucre, sirop de glucose-fructose, graisse de coprah, _lactose_ et protéines de _lait_, _pistaches_ hachées caramélisées 4.25 %, pâte de _pistache_ 2.8 %, émulsifiant : mono- et diglycérides d'acides gras, gélifiants : farine de graines de caroube, gomme guar, colorants : complexes cuivre-chlorophylles et cuivre-chlorophyllines, curcumine, arôme.|852|10.7|21.6||2.3|0.09|||||||||||||||||0|lait, lactose, lait, pistaches, pistaches, pistache|E100 - Curcumine,E141 - Complexe cuivrique des chlorophylles,E410 - Farine de graines de caroube,E412 - Gomme de guar,E471 - Mono- et diglycérides d'acides gras alimentaires|
Glaces|Leader Price|Glace rhum & raisins|d|_Lait_ écrémé réhydraté, eau, sirop de glucose-fructose, préparation de raisins au rhum 9.5 %, sucre, graisse de coprah, _lactose_ et protéines de _lait_, rhum 1.5 %, arômes naturels, émulsifiant ; mono- et diglycérides d'acides gras, gélifiants : farine de graines de caroube, gomme guar, colorant : caroténoïdes.|788|8.6|23.4||1.8|0.1|||||||||||||||||0|Lait, lactose, lait|E160 - Caroténoïdes,E410 - Farine de graines de caroube,E412 - Gomme de guar,E415 - Gomme xanthane,E471 - Mono- et diglycérides d'acides gras alimentaires|
Glaces|Leader Price|4 cônes vanille-fraise|d|Eau, gaufrette 18.5 %, chemisage au cacao maigre 8.9 %, sucre, _lactose_ et protéines de _lait_, purée de fraise 5 %, sirop de glucose-fructose, sauce à la fraise 4.8 %, graisse de coprah, émulsifiant : mono- et diglycérides d'acides gras, gélifiants : farine de graines de caroube, gomme guar, arômes naturels de vanille, extrait de vanille, arômes naturels, colorants : caroténoïdes, rouge de betterave, acidifiant : acide citrique.|1068|10.3|28.1||2.6|0.22|||||||||||||||||0|blé, soja, soja, lactose, lait|E160 - Caroténoïdes,E162 - Rouge de betterave,E322 - Lécithines,E322i - Lécithine,E330 - Acide citrique,E410 - Farine de graines de caroube,E412 - Gomme de guar,E440 - Pectines,E440i - Pectine,E471 - Mono- et diglycérides d'acides gras alimentaires|
Glaces|Leader Price,Xtra|Xtra Gourmand - 4 Cônes Choco Biscuit|d|Crème glacée vanille 29.5 % : _lait_ écrémé reconstitué, _crème_, eau, sirop de glucose-fructose de _blé_, sucre, _lactosérum_ en poudre, émulsifiants : mono- et diglycérides d'acide gras de palme et de colza, gélifiants : farine de graines de caroube, gomme de guar, arôme naturel vanille, colorant : carotènes végétaux. Crème glacée chocolat 29. 5% : eau, _crème_, _lait_ écrémé reconstitué, poudre de chocolat 15.6 %*, sirop de glucose-fructose de _blé_, _lactose_ et protéines de _lait_, cacao maigre en poudre, émulsifiants: mono- et diglycérides d’acides gras de palme et de colza, gélifiants : farine de graines de caroube, gomme de guar, extrait de cacao. *Pourcentage exprimé sur la crème glacée chocolat.  Gaufre 17.5 % : farine de _blé_, sucre, matière grasse végétale de coco, émulsifiant: lécithine de _soja_, sel. Chemisage au cacao maigre 8.4 % : matière grasse végétale de coco, sucre, cacao maigre en poudre 9 %*, émulsifiant : lécithine de _soja_. *Pourcentage exprimé sur le chemisage au cacao maigre. Sauce au cacao maigre 10.6 % : eau, sirop de glucose-fructose de _blé_, sucre, cacao maigre en poudre 10 %*, épaississant : amidon modifié de tapioca, sel. Pourcentage exprimé sur la sauce ou cacao maigre. Morceaux de biscuit enrobés de chocolat au lait 4.5 % : enrobage 65 %*, morceaux de biscuit 35 %*.|1164|11.7|28.4|1.1|3.5|0.3302|||||||||||||||||1|lait, crème, blé, lactosérum, crème, lait, blé, lactose, lait, blé, soja, soja, blé, lait, blé, blé, blé, malt, beurre, lactosérum, œufs|E14XX - Amidons modifiés,E160a - Bêta-carotène,E160aii - Carotènes végétaux,E322 - Lécithines,E322i - Lécithine,E410 - Farine de graines de caroube,E412 - Gomme de guar,E471 - Mono- et diglycérides d'acides gras alimentaires,E500 - Carbonates de sodium,E500ii - Carbonate acide de sodium|
Glaces|M&M's,Mars,Mars Chocolat|Glaces Peanut M&M's|d|_Lait_ écrémé, sucre, crème légère, eau, sirop de glucose, _cacahuètes_, beurre de cacao, pâte de cacao, matière grasse du _lait_, matière grasse de noix de coco, _lait_ écrémé concentré sucré, matière grasse de palme, _lait_ écrémé en poudre, _lactose_, _petit-lait_ en poudre, _lait_ entier en poudre, émulsifiants, stabilisants, cacao maigre, amidon, sel, matière grasse de karité, colorants, dextrine, agent d'enrobage, extrait naturel de vanille, huile de palme, arôme.|1004|13.8|21.2||3.1|0.13|||||||||||||||||1|Lait, lait, cacahuètes, lait, lait, lait, lactose, petit-lait, lait, soja|E100 - Curcumine,E133 - Bleu brillant FCF,E1400 - Dextrines,E160a - Bêta-carotène,E160e - Apocaroténal 8',E162 - Rouge de betterave,E171 - Oxyde de titane,E172 - Oxyde de fer,E322 - Lécithines,E322i - Lécithine,E410 - Farine de graines de caroube,E412 - Gomme de guar,E414 - Gomme d'acacia,E471 - Mono- et diglycérides d'acides gras alimentaires,E477 - Esters du propylène-glycol d'acide gras,E903 - Cire de carnauba|
Glaces|Nestlé|Extrême Fraise Vanille onctueuses|d|Eau, sucre, fraise, huiles végétales, _lait_ écrémé réhydraté, farine de _blé_, sirop de glucose, _lactose_ et protéines de _lait_, sirop de sucre inverti, cacao maigre, émulsiﬁants, mono- et diglycérides d'acides gras*), jus concentrés, amidon modifié, cassis à base de concentré, colorants, stabilisants, acidifiant, sel, arôme naturel de vanille, arômes naturels, correcteur d'acidité. *d'origine végétale|1113|11.6|26|1.1|2.8|0.15|||||||||||||||||1|lait, blé, lactose, lait, soja|E101 - Riboflavine,E101i - Riboflavine,E14XX - Amidons modifiés,E160 - Caroténoïdes,E322 - Lécithines,E330 - Acide citrique,E331 - Citrates de sodium,E407a - Algues euchema transformées,E410 - Farine de graines de caroube,E412 - Gomme de guar,E440 - Pectines,E471 - Mono- et diglycérides d'acides gras alimentaires|
Glaces|Nestlé|Le Mystère Original - Vanille Cœur Meringue|d|LAIT écrémé, sucre, sirop de glucose, eau, NOISETTES ou/et AMANDES en proportion variable, LACTOSE et protéines de LAIT, huile végétale de coco, maltodextrines, blanc d'ŒUF, stabilisants, émulsifiant, gousses de vanille épuisées, arôme naturel de vanille, colorants.|1067|11.2|31.8|1.8|3.6|0.1|||||||||||||||||0|Œufs,Lait,Fruits à coque, LAIT, NOISETTES, AMANDES, LACTOSE, LAIT, ŒUF|E101 - Riboflavine,E101i - Riboflavine,E160 - Caroténoïdes,E407a - Algues euchema transformées,E410 - Farine de graines de caroube,E412 - Gomme de guar,E415 - Gomme xanthane,E471 - Mono- et diglycérides d'acides gras alimentaires|
Glaces|Nestlé|Extrême Cônes Vanille et Cônes Chocolat-Vanille|d|Vanille : LAIT écrémé réhydraté, sucre, eau, huiles végétales, farine de BLE, sirop de glucose, LACTOSE et protéines de LAIT, cacao maigre, AMANDES, émulsifiants, mono- et diglycérides d'acides gras*), dextrines, stabilisants, arômes naturels de vanille, gousses de vanille épuisées, sel, colorants. * d'origine végétale. Peut contenir : autres fruits à coque et œuf. Chocolat vanille : LAIT écrémé réhydraté, eau, sucre, huiles végétales, sirop de glucose, farine de BLE, LACTOSE et protéines de LAIT, cacao maigre, chocolat en poudre, AMANDES, émulsifiants, mono- et diglycérides d'acides gras*), dextrines, stabilisants, arômes naturels de vanille, pâte de cacao, gousses de vanille épuisées, sel, amidon modifié, arômes naturels, colorants. *d'origine végétale.|1260|14.65|25.75|2.15|3.15|0.15|||||||||||||||||1|LAIT, BLE, LACTOSE, LAIT, AMANDES, SOJA, LAIT, BLE, LACTOSE, LAIT, AMANDES, SOJA|E101 - Riboflavine,E101i - Riboflavine,E1400 - Dextrines,E14XX - Amidons modifiés,E160 - Caroténoïdes,E322 - Lécithines,E407 - Carraghénanes,E407a - Algues euchema transformées,E410 - Farine de graines de caroube,E412 - Gomme de guar,E471 - Mono- et diglycérides d'acides gras alimentaires|
Glaces|Nestlé|buche tout chocolat avec du chocolat blond|d|eau, lait écrémé reconstitué, sucre, crème, sirop de glucose-fructose, matières grasses végétales, sirop de glucose, cacao maigre en poudre 3.4%, chocolat blanc caramélisé 2.9% [sucre, beurre de cacao, poudre de caramel avec matière grasse laitière 0.6%, poudre de lait entier, sucre caramélisé 0.04%, émulsifiant : lécithines, sel, arôme naturel de vanille], lactose et protéines de lait, fèves de cacao 2.5%, beurre de cacao, cacao en poudre, lait entier en poudre, huile végétale, pâte de cacao, farine de blé, émulsifiants. polyricinoléate de polyglycérol*), gélifiants, beurre, lait écrémé en poudre, lait écrémé concentré, beurre concentré, arôme naturel de vanille, matière grasse laitière anhydre, sel, ceuf entier en poudre, malt d'orge, poudres à levem, cannelle en poudre.|1176|16.7|24.1||3.2|0.12|||||||||||||||||0||E322 - Lécithines,E410 - Farine de graines de caroube,E412 - Gomme de guar,E440 - Pectines,E450 - Sels métalliques de diphosphates,E471 - Mono- et diglycérides d'acides gras alimentaires,E476 - Esters polyglycériques d'acides gras d'huile de ricin,E502 - Carbonates|
Glaces|Nestlé,Extrême|Extrême Original Cônes Glacés Chocolat Pépites de Nougatine|c|Eau, sucre, huiles végétales, LAIT écrémé, farine de BLE, sirop de glucose, chocolat en poudre, cacao maigre, LACTOSE et protéines de LAIT, AMANDES, émulsifiants, mono- et diglycérides d'acides gras), colorant, stabilisants, pâte de cacao, amidon modifié, sel, arômes naturels.|765|9|15.9|1.7|2.1|0.11|||||||||||||||||1|LAIT, BLE, LACTOSE, LAIT, AMANDES, SOJA|E14XX - Amidons modifiés,E150a - Caramel E150a,E322 - Lécithines,E407 - Carraghénanes,E407a - Algues euchema transformées,E410 - Farine de graines de caroube,E412 - Gomme de guar,E471 - Mono- et diglycérides d'acides gras alimentaires|
Glaces|Nestlé,Extrême|Cône à l'Américaine Vanilla Pécan|d|Sucre, LAIT écrémé, eau, CREME fraîche, farine de BLE, sirop de glucose, huiles végétales, LACTOSE et protéines de LAIT, LAIT écrémé concentré sucré, morceaux de NOIX DE PECAN, caramel, cacao maigre, matière grasse de LAIT, émulsifiants, mono- et diglycérides d'acides gras), stabilisants, colorants, arôme naturel, sel, arôme naturel de vanille.|1274|13.3|27.7|1.1|3.2|0.18|||||||||||||||||1|LAIT, CREME, BLE, LACTOSE, LAIT, LAIT, NOIX, PECAN, LAIT, SOJA|E101 - Riboflavine,E101i - Riboflavine,E150a - Caramel E150a,E160 - Caroténoïdes,E322 - Lécithines,E322i - Lécithine,E407 - Carraghénanes,E407a - Algues euchema transformées,E410 - Farine de graines de caroube,E412 - Gomme de guar,E471 - Mono- et diglycérides d'acides gras alimentaires|
Glaces|Nestlé,Extrême|Cônes Extrême Chocolat Craquant - Vanille et Chocolat |d|Eau, sucre, lait écrémé, huiles végétales, farine de blé, sirop de glucose, lactose et protéines de lait, pâte de cacao, cacao maigre, chocolat en poudre, beurre de cacao, émulsifiants, mono- et diglycérides d'acides gras, E476), noisettesœuf, matière grasse de lait, colorants, arômes naturels, stabilisants, lait écrémé en poudre, amidon modifié, sel, arôme naturel de vanille.|1218|14.3|25.5|2.5|3.5|0.17|||||||||||||||||1||E101 - Riboflavine,E101i - Riboflavine,E14XX - Amidons modifiés,E150a - Caramel E150a,E160 - Caroténoïdes,E322 - Lécithines,E407 - Carraghénanes,E407a - Algues euchema transformées,E410 - Farine de graines de caroube,E412 - Gomme de guar,E471 - Mono- et diglycérides d'acides gras alimentaires,E476 - Esters polyglycériques d'acides gras d'huile de ricin|
Glaces|Nestlé,Extrême|Extrême Original Cône Vanille Praliné|d|_Lait_ écrémé, eau, sucre, huiles végétales, farine de _blé_, sirop de glucose, morceaux de praliné, _lactose_ et protéines de _lait_, _noisettes_, cacao maigre, émulsifiants, mono - et diglycérides d'acides gras), colorant, stabilisants, arôme naturel de vanille, sel, arômes naturels.|1232|15|27|1.3|3.2|0.15|||||||||||||||||1|en:gluten,en:milk,en:nuts,en:soybeans|E150a - Caramel E150a,E322 - Lécithines,E407a - Algues euchema transformées,E410 - Farine de graines de caroube,E412 - Gomme de guar|
Glaces|Nestlé,La Laitière|Crème glace vanille moelleux, sauce caramel|d|lait - écrémé rehydraté, eau, sirop de glucose, creème fraiche 12.5%, sucre, lactose et protéines de lait,lait écémé concentré, farine de ble, beurre alé 09% ,émulsifiantgelifants, cacao maigreen poudre 0.3% fructose, ceuf en poudre, sirop de glucose-fructose, cacao en poudre 0.2%, colorants, beurre sirop de sucre caramélisé, gousses de vanille épuisées,poudre à lever, aróme naturel de vanile, humectant,sel,arôme naturel, conçentré de betterave rouge. Peut contenir: arachides, fruits à coque et soja. d'origine végétale. Aconserver à-18°C.Lot/Aconsommer de preférence|803|6.3|23|0.5|2.4|0.16|||||||||||||||||0|en:gluten,en:milk|E150a - Caramel E150a,E160 - Caroténoïdes,E410 - Farine de graines de caroube,E412 - Gomme de guar,E422 - Glycérol,E440 - Pectines,E471 - Mono- et diglycérides d'acides gras alimentaires,E500 - Carbonates de sodium|
Snacks|Biscuitier des Flandres,Eugène Blond|Les Apérisablés|e|Farine de _blé_, beurre concentré13%, poudre de fromage 11%dont cheddar 42%, sel de fonte : E339ii), sucre, arômes, _lait_ écrémé en poudre, bière 3.3%, sel de Guérande, paprika, oignon en poudre, poudres à lever, _oeuf_ entier en poudre, extrait de levure.|1854|16.6|11||12.2|3.7|||||||||||||||||0|blé, lait, lait, lait, lait, oeuf|E339 - Orthophosphates de sodium,E339ii - Phosphate disodique,E500 - Carbonates de sodium,E500ii - Carbonate acide de sodium,E503 - Carbonates d'ammonium,E503ii - Carbonate acide d'ammonium|
Snacks|Biscuits Mistral|Escargots fourrés à la persillade|e|farine de _blé_, _beurre_, emmental, huile de colza, ail en poudre 4%, sel, levure, persil 0.70%, poivre noir, colorant : rocou.|2117|27|1.9||11|2.8|||||||||||||||||0|blé, beurre, lait|E160b - Rocou|
Snacks|Biscuits Poult|Poult Sunny Cookies Et Au Chocolat|e|Farine de blé, sucre, huile végétale, chocolat 14%, arôme), oeufs et blancs d'oeufs, cacao en poudre, poudres à lever : diphosphates - carbonates de sodium, lactosérum en poudre, sel, arôme.|2084|25|27||6.5|1.33|||||||||||||||||1|en:eggs,en:gluten,en:milk,en:soybeans|E322 - Lécithines,E450 - Sels métalliques de diphosphates,E500 - Carbonates de sodium|
Snacks|Biscuits Poult|Cookie Deux Chocolats|e|Farine de blé, huile végétale, sucre, pépites de chocolat 13%, arôme), œufs et blancs d'œufs, praliné nougatine 4%, poudres à lever : diphosphates - carbonates de sodium, lactosérum en poudre, sel, arôme.|2105|26|30||6|1.09|||||||||||||||||1||E322 - Lécithines,E450 - Sels métalliques de diphosphates,E500 - Carbonates de sodium|
Snacks|Bonne Maman|Le Pain d Épices au Miel|d|Miel 50 %, farine de _seigle_, _lait_ en poudre demi écrémé reconstitué, sucre, _œufs_, amidon de _blé_, farine de _blé_ tendre, cannelle 0.09 %, badiane 0.09%, gingembre 0.09 %, poudres à lever).|1310|1|52||2.9|0.06|||||||||||||||||0|seigle, lait, œufs, blé, blé, blé|E500 - Carbonates de sodium|
Snacks|Bonne Maman|Pains d'épices au miel|d|Miel, sirop de sucre inverti, _œufs_ frais, farine de _seigle_, farine de _blé_, _lait_ frais demi-écrémé pasteurisé, sucre, pépites de sucre, arôme naturel, poudre à lever : diphosphates et carbonates de sodium, cannelle, gingembre, badiane, émulsifiant : lécithine.|1131|2.1|53||3.2|1.016|||||||||||||||||0|œufs, seigle, gluten, blé, lait, blé, soja|E322 - Lécithines,E322i - Lécithine,E450 - Sels métalliques de diphosphates,E450i - Pyrophosphate de sodium acide,E500 - Carbonates de sodium|
Snacks|Bord À Bord|Gaufrettes Apéritives aux Algues & à l'Oignon de Roscoff|d|Farine de _blé_ T65*, algues: laitue de mer* 28 %, huile de tournesol oléique*, poudre d'oignon AOP de Roscoff* 1.9 %, sel de Guérande.|2050|21|2.5|0|10|2|||||||||||||||||0|en:gluten||
Snacks|Boursin Apéritif,Boursin|Roulés de Jambon Fumé Noisettes & 3 Noix|e|Fromage noisettes & 3 noix 70%: _lait_ et _crème_ pasteurisés, noisettes 5%, _noix de Pécan_ 4%, _ferments lactiques_, sel, _noix_ 0.5%, _noix de Cajou_ 0.5%, conservateur : sorbate de potassium. Jambon cru fumé 30% : viande de porc, sel, épices, plantes aromatiques, antioxygène : E301. conservateur : E250.|1565|34.5|1.9||14|1.9|||||||||||||||||0|lait, crème, noix de Pécan, ferments lactiques, noix, noix de Cajou|E202 - Sorbate de potassium,E250 - Nitrite de sodium,E301 - Ascorbate de sodium|
Snacks|Bouton d'Or|Boule Tomate|e|Semoule de maïs 52%, pâte de _cacahuète_, assaisonnement à base de tomate, huile de tournesol 16%, sel.|2092|27.5|8||10.7|2.3|||||||||||||||||0|cacahuète, arachides||
Snacks|Bouton d'Or|Crok'Sel|d|Préparation alimentaire [pomme de terre déshydratéeet amidon de pomme de terre 83%, sel, colorants : extraits de paprika et de curcuma], huile de tournesol 16%, sel.|2042|23.9|0.5||3.3|3.27|||||||||||||||||0|anhydride sulfureux|E160c - Extrait de paprika|
Snacks|Bouton d'Or|Crackers|d|Crackers à l'emmental : Farine de _blé_ 63 %, huiles végétales, emmental râpé 17 %, sucre, sirop de sucre inverti, poudres à lever : phosphates de calcium, carbonates d'ammonium, carbonates de sodium, sel, farine d'_orge_ maltée 1 %. Crackers goût pizza : Farine de _blé_ 58 %, huiles végétales, emmental râpé 11.4 %, double concentré de tomate 6 %, sucre, poudre de lactosérum, sirop de sucre inverti, poudres à lever : phosphates de calcium, carbonates de sodium, carbonates d'ammonium, sel, plantes aromatiques 1 %, farine d'_orge_ maltée 1 %, extrait d'origan, poudre d'oignon. Crackers au sésame et au pavot : Farine de _blé_ 72 %, huiles végétales, _graines de sésame_ 4.8 %, sucre, graines de pavot 2.4 %, préparation à base de sucre, poudres à lever : carbonates d'ammonium, carbonates de sodium, phosphates de calcium, farine d'_orge_ maltée 1.8 %, sel, épices, extrait de levure, thym, arôme naturel, poudre d'oignon, extrait d'épice.|2145|26.5|6.1||11.4|1.78|||||||||||||||||0|blé, lait, orge, blé, lait, lait, orge, blé, graines de sésame, orge, gluten|E341 - Phosphates de calcium,E500 - Carbonates de sodium,E503 - Carbonates d'ammonium|
Snacks|Bouton d'Or,selection Intermarché|Cricfie's goût Bacon|d|Préparation alimentaire à base de blé et de pomme de terre[farine de _blé_, amidon de pomme de terre, sel, arômes], huile de tournesol, assaisonnement [arômes dont arômes de fumée, sel, chapelure, hydrolysats de protéines végétales, dextrose de maïs, exhausteurs de goût : glutamate monosodique, guanylate disodique, inosinate disodique]. * Quantité d'ingrédients utilisée pour la préparation de 100 g de produit fini.|2125|26.7|0.8||4.9|3.47|||||||||||||||||0|blé, blé|E621 - Glutamate monosodique,E627 - Guanylate disodique,E631 - Inosinate disodique|
Snacks|Bouton d'or|Fantomas Ketchup|e|Préparation à base de pomme de terre et de _blé_ 68 %, huile de tournesol 28 %, assaisonnement.|2124|27.6|6.9||4.7|3.24|||||||||||||||||0|en:gluten|E621 - Glutamate monosodique|
Snacks|Bovetti|Orangettes enrobées de chocolat noir|e|chocolat noir, oranges confites, cacao en poudre, agents d'enrobage, arôme naturel d'orange.|2163|35|31||7.4|0.09|||||||||||||||||0|SULFITES|E330 - Acide citrique,E414 - Gomme d'acacia,E904 - Gomme-laque|
Snacks|Brio,Boulangerie Sicard,Sicard|BRIOCHE TRESSEE BEURRE|d|Farine*, levain de pâte*, OEUFS* huile eu graisse végétale*, sucre de canne roux* , sirop de sucre inverti* , eau, beurre*arôme naturel* , levure fraîche, sel marin de Noirmoutier vinaigre de cidre* épice* * Ingrédients issus de l'Agriculture Biologique.|1569|10.7|12.9||8.8|1|||||||||||||||||0|BLE, BLE, GLUTEN, OEUFS, LAIT||
Snacks|Brio,Sicard|6 Pains au Lait Pur Beurre|d|Farine de _blé_*, sucre de canne roux*, _œufs_* entiers, _beurre_*11 %, _lait_ écrémé reconstitué*, levure fraîche, vinaigre de cidre*, sel de Noirmoutier non raffiné, arôme naturel*. *Issu de l'agriculture biologique.|1519|12|8.4|2.3|9.3|0.97|||||||||||||||||0|blé, blé, blé, œufs, beurre, lait, lait, lait||
Snacks|Brio,Sicard Boulangerie|Brioche Tranchée Bio|d|Farine*, levain de pâte*, _œufs_* huile et graisse végétale*, sucre de canne roux* , sirop de sucre inverti* , eau, _beurre_*, arôme naturel* , levure fraîche, sel marin de Noirmoutier, vinaigre de cidre* , épice*. *Ingrédients issus de I'Agriculture Biologique.|1544|7.7|6.1|0|9.2|1|||||||||||||||||0|blé, gluten, œufs, beurre, lait||
Snacks|Brioche Pasquier|Couronne des Rois fruits confits|d|Farine de BLÉ, OEUFS frais, fruits confits 12 % [], graisse végétale, sucre, sirop de fructose-glucose, sucre perlé 3 % [sucre, graisse végétale, amidon de pois], levure, émulsifiant : mono- et diglycérides d'acides gras, sel, épaississant : farine de graines de caroube, GLUTEN de BLÉ, arôme, antioxydant : acide ascorbique, colorant : caroténoïdes, protéines de LAIT.|1459|11.9|16.9||7.1|1|||||||||||||||||1|BLÉ, OEUFS, SULFITES, GLUTEN, BLÉ, LAIT|E120 - Acide carminique,E133 - Bleu brillant FCF,E150a - Caramel E150a,E160 - Caroténoïdes,E220 - Anhydride sulfureux,E300 - Acide ascorbique,E330 - Acide citrique,E410 - Farine de graines de caroube,E471 - Mono- et diglycérides d'acides gras alimentaires|
Snacks|Brioche Pasquier|Lot 10 Pains au Lait + 8 Pains au Chocolat|d|Pains au lait : Farine de _blé_ - Levain 20 %- _Œuf_ - Sucre - Beurre pâtissier- sirop de fructose/glucose - huile de colza - Levure - _Lait_ écrémé en poudre- émulsifiant : mono et diglycérides d'acides gras - Sel - Protéines de _blé_ - _Gluten de blé_ - Fructose en poudre - Arômes - Colorant : caroténoïdes - Antioxydant : acide ascorbique - Protéines de _lait_.|1490|11|18.9||8.4|1.13|||||||||||||||||0|en:eggs,en:gluten,en:milk|E160 - Caroténoïdes,E300 - Acide ascorbique,E471 - Mono- et diglycérides d'acides gras alimentaires|
Snacks|Brioche Pasquier|Pitch|e|Farine de BLÉ 30 % - chocolat au lait 28 % [sucre, LAIT entier en poudre, beurre de cacao, LACTOSERUM en poudre, masse de cacao, émulsifiant : lécithine de SOJA, arôme naturel, arôme naturel de vanille] - sucre - levain 9 %- ŒUFS frais 7 % - huile de colza - levure - BEURRE pâtissier- fibres de psyllium - émulsifiant : mono et diglycérides d'acides gras - sel - GLUTEN de BLÉ - épaississant : farine de graines de caroube - antioxydant : acide ascorbique - protéines de LAIT.|1745|18|26|0|7.5|1|||||||||||||||||0|en:eggs,en:gluten,en:milk,en:soybeans|E300 - Acide ascorbique,E322 - Lécithines,E322i - Lécithine,E410 - Farine de graines de caroube,E471 - Mono- et diglycérides d'acides gras alimentaires|
Snacks|Brioche Pasquier|Pitch Crousti|e|Farine de BLÉ 29 % - Fourrage au chocolat au lait 25 % et aux billes de CEREALES soufflées et toastées 2.8 % [sucre, LAIT entier en poudre, beurre de cacao, farines de céréales, lactosérum en poudre, masse de cacao, malt de BLÉ, émulsifiant: lécithines, poudre à lever: carbonate de sodium, sel, arôme naturel de vanille] - Sucre - Levain 9 %- ŒUFS frais 8 % - Huile de colza - Levure - BEURRE pâtissier - Fibre de Psyllium - Émulsifiant: mono et diglycérides d'acides gras - Epaississant: gomme guar - Sel - Gluten de BLÉ - Antioxydant: acide ascorbique - Protéines de LAIT.|1741|18|20||7.9|1.1|||||||||||||||||0||E300 - Acide ascorbique,E322 - Lécithines,E412 - Gomme de guar,E471 - Mono- et diglycérides d'acides gras alimentaires,E500 - Carbonates de sodium,E500i - Carbonate de sodium|
Snacks|Brioche Pasquier|Brioches Pitch, Chocolat x8 + 2 gratuites|d|Farine de BLÉ 30 %, fourrage goût chocolat 28 % [sirop de glucose-fructose, sucre, eau, chocolat 4.9 %, NOISETTES, épaississant : amidon de maïs, LAIT entier en poudre, arôme naturel de vanille], sucre, levain 9 %, ŒUFS frais 7 %, huile de colza, levure, BEURRE pâtissier, fibres de psyllium, émulsifiant : mono- et diglycérides d'acides gras, sel, GLUTEN de BLÉ, épaississant : farine de graines de caroube, antioxydant : acide ascorbique, protéines de LAIT.|1473|11|25||8.7|1|||||||||||||||||0|BLÉ, LACTOSE, SOJA, NOISETTES, LAIT, BLÉ, ŒUFS, BEURRE, LAIT, GLUTEN, BLÉ, LAIT|E300 - Acide ascorbique,E322 - Lécithines,E322i - Lécithine,E410 - Farine de graines de caroube,E471 - Mono- et diglycérides d'acides gras alimentaires|
Snacks|Brioche Pasquier|Brioche Tressée au Levain|d|Farine de BLÉ 44% - ŒUFS frais 14 % - Levain 11 %. Sucre - BEURRE pâtissier - Huile de colza - Levure - Rhum - Émulsifiant : mono et diglycérides d'acides gras - Sel - GLUTEN de BLÉ - Épaississant : gomme guar - Extrait de carotte - Arôme - Antioxydant: acide ascorbique - Protéines de LAIT.|1481|12|12|0|8|1.1|||||||||||||||||0|en:eggs,en:gluten,en:milk,en:nuts,en:peanuts|E300 - Acide ascorbique,E412 - Gomme de guar,E471 - Mono- et diglycérides d'acides gras alimentaires|
Snacks|Brioche Pasquier|Pitch Choco Barre Lait|e|Farine de _BLÉ_ 29 % - chocolat au lait 28% sucre, _LAIT_ entier en poudre, beurre de cacao, LACTOSERUM en poudre, masse de cacao, émulsifiant : lécithine de _SOJA_, arôme naturel de vanille] - Sucre - Levain 9%- Eau- Huile de colza - Levure - _ŒUFS_ en poudre- BEERRE concentré- Fibres de psyllium - émulsifiant: mono et diglycérides d'acides gras Sel de cuisine _GLUTEN_ de _BLÉ_ - épaississant : farine de graines de caroube, Antioxydant : acide ascorbique - Protéines de _LAIT_.|1695|16.7|25.7||7.5|1.08|||||||||||||||||0||E300 - Acide ascorbique,E322 - Lécithines,E322i - Lécithine,E410 - Farine de graines de caroube,E471 - Mono- et diglycérides d'acides gras alimentaires|
Snacks|Brioche Pasquier,Pasquier|8 pains au chocolat au levain|e|Farine de blé 40 %, beurre concentré, chocolat pur beurre de cacao 12 %, eau, levain 5 %, matière grasse végétale, sucre, épaississant : farine de graines de caroube, sirop de glucose-fructose, levure, émulsifiants : mono- et diglycérides d'acides gras, E472e ; gluten de blé, sel, colorant : bêta-carotène, antioxydant : acide ascorbique, protéines de lait.|1800|23.8|11.3|2.2|6.8|0.9652|||||||||||||||||1||E160a - Bêta-carotène,E160ai - Bêta-carotène,E300 - Acide ascorbique,E322 - Lécithines,E322i - Lécithine,E410 - Farine de graines de caroube,E471 - Mono- et diglycérides d'acides gras alimentaires,E472e - Ester Monoacéthyltartrique de mono- et diglycérides d'acides gras|
Snacks|Brioche Pasquier,Pasquier|12 Briochettes au Levain|d|Farine de _blé_ 40 % - Levain 17 %- Sucre - _œufs_ frais 10 % - Huile de colza - _Beurre_ pâtissier- Levure - émulsifiant : mono- et diglycérides d'acides gras - Sel - Rhum - _Gluten de blé_ - Fibres de psyllium - Arôme - Colorant: caroténoïdes - Antioxydant : acide ascorbique - Protéines de _lait_.|1448|13|18.5||8.4|1|||||||||||||||||0|blé, blé, œufs, Beurre, lait, Gluten de blé, lait|E160 - Caroténoïdes,E300 - Acide ascorbique,E471 - Mono- et diglycérides d'acides gras alimentaires|
Snacks|Brioche Pasquier,Pasquier|Brioche tressée|d|Farine de _blé_ 44 %, _œufs_ frais 14 %, levain 11 %, sucre, _beurre_ pâtissier, huile de colza, levure, rhum, émulsifiant : mono et diglycérides d'acides gras, sel, épaississant : farine de graines de caroube, _gluten de blé_, arôme, colorant : caroténoïdes, antioxydant : acide ascorbique, protéines de _lait_.|1481|12|12||8|1.1|||||||||||||||||0|Œufs,Gluten,Lait|E160 - Caroténoïdes,E300 - Acide ascorbique,E410 - Farine de graines de caroube,E471 - Mono- et diglycérides d'acides gras alimentaires|
Snacks|Brioche Pasquier,Pasquier|Couronne des Rois Nature|e|Farine de _blé_ - Levain- _Œufs_ frais - Sucre - _Beurre_ concentré - Sucre perlé 3% [sucre, matière grasse végétale, amidon de pois] - Huile de colza - Levure - Émulsifiant : mono et diglycérides d'acides gras - Sel - Rhum - Arôme - Épaississant : farine de graine de caroube - _Gluten_ de _blé_ - Colorant : caroténoïde - Antioxydant : acide ascorbique - Protéines de _lait_.|1496|12.1|19.9||7.8|2.6162|||||||||||||||||1|blé, blé, Œufs, Beurre, Gluten, blé, lait|E160 - Caroténoïdes,E300 - Acide ascorbique,E410 - Farine de graines de caroube,E471 - Mono- et diglycérides d'acides gras alimentaires|
Snacks|Brioche Pasquier,Pasquier,Pitch|Pitch Brioches Abricot|d|Pâte 72 % : Farine, protéines et gluten de blé - Sucre - Levain 9 %-- Sucre - Fructose - Dextrine de blé - Gélifiant : pectine de fruits - Correcteur d'acidité : jus de citron concentré - Arômes - Extrait végétal colorant : extrait d'annatto.|1370|8.3|23|3.5|6|0.9398|||||||||||||||||0|œufs, lait, gluten de blé, blé|E1400 - Dextrines,E300 - Acide ascorbique,E412 - Gomme de guar,E440 - Pectines,E440i - Pectine,E471 - Mono- et diglycérides d'acides gras alimentaires|
Snacks|Brioche Pasquier,Pasquier,Pitch|Pitch Fraise|d|Farine de _blé_ 30% - fourrage à la fraise 28% [sirop de glucose-fructose - sucre - purée de fraise 4.2% - purée concentrée de fraise 1.4%- purée de pomme 1.2% - gélifiant : pectines - arômes naturels - jus concentré colorant de carotte pourpre - jus de citron concentré] - sucre - levain 9%- _œufs_ frais 7% - huile de colza - levure - _beurre_ pâtissier - fibres de psyllium - émulsifiants : mono et diglycérides d'acides gras - sel - _gluten_ de _blé_ - épaississant : farine de graines de caroube - antioxydant : acide ascorbique - protéines de _lait_.|1402|9.5|25.8||5.4|1|||||||||||||||||0|Eggs,Gluten,Milk|E300 - Acide ascorbique,E410 - Farine de graines de caroube,E440 - Pectines,E471 - Mono- et diglycérides d'acides gras alimentaires|
Snacks|Brioche fonteneau,Brioches Fonteneau|400 g|d|Farine de _blé_,, _œufs_, sucre roux de canne, _beurre_ 12.6%, levain, eau), rhum, fibre d'_avoine_, sel marin non raffiné, levure, eau de fleurs d'oranger, infusion de vanille.|1460|12|11|0|8.7|1|||||||||||||||||0|blé, gluten, œufs, beurre, lait, blé, gluten, avoine, blé, gluten, œufs, beurre, lait, blé, gluten, avoine||
Snacks|Brioche pasquier,Pasquier|Pitch choco barre|e|Farine de _BLÉ_ 30% - Chocolat noir 28% [sucre, masse de cacao, beurre de cacao, _LAIT_ entier en poudre, _LACTOSERUM_ en poudre, _LAIT_ écrémé en poudre, émulsifiant : lécithine de _SOJA_] - Sucre - Levain 9%- _OEUFS_ frais 7%, Huile de colza, Levure - _BEURRE_ pâtissier- Fibres de psyllium - Emulsifiant : mono et diglycérides d'acides gras - Sel - _GLUTEN_ de _BLÉ_ - Epaississant : farines de graines de caroube - Antioxydant : acide ascorbique - Protéines de _LAIT_.|1757|19.2|29||7.7|1.02|||||||||||||||||0|BLÉ, LAIT, LACTOSERUM, LAIT, LAIT, SOJA, BLÉ, OEUFS, BEURRE, LAIT, GLUTEN, BLÉ, LAIT, BLÉ, LAIT, LACTOSERUM, LAIT, LAIT, SOJA, BLÉ, OEUFS, BEURRE, LAIT, GLUTEN, BLÉ, LAIT|E300 - Acide ascorbique,E322 - Lécithines,E322i - Lécithine,E410 - Farine de graines de caroube,E471 - Mono- et diglycérides d'acides gras alimentaires|
Snacks|Brioches & Viennoiseries Thomas|Brioche Tressée Pur Beurre|e|Farine de _blé_, _œufs_ frais, beurre 14.5 %, sucre, levain, arôme, levure, sel marin.|1569|16|15.2||9.2|0.8|||||||||||||||||0|blé, gluten, œufs, blé||
Snacks|Brioches & Viennoiseries Thomas|Gâche Bio en Tranches|e|Farine de _blé_, _œufs_ frais, sucre, _beurre_ 12.6 %, _crème_ fraîche 8 %, levain, levure, sel marin. Dorure : _œufs_.|1662|17.3|15.3||9.1|0.810000000000001|||||||||||||||||0|blé, gluten, œufs, beurre, crème, blé, œufs||
Snacks|Brioches & Viennoiseries Thomas|Gâche tranchée aux éclats de chocolat Pur beurre, 1 pièce|e|Pâte 80 % : farine de _blé_, _œufs_ frais, sucre, _beurre_ 12.4 %, _crème_ fraîche 6.6 %, levain, sel marin, arôme, levure, éclats de chocolat noir 20 % : masse de cacao, sucre, émulsifiants : lécithines, arôme vanille.|1653|17.9|22.2||8.3|0.7|||||||||||||||||0|blé, gluten, œufs, beurre, crème, blé, soja|E322 - Lécithines|
Snacks|Brioches Fonteneau|La brioche tranchée familiale|d|Farine de _blé_, _oeufs_ frais, sucre, eau, huile végétale, émulsifiants : mono et diglycérides d'acides gras - lécithine de tournesol, arôme, sirop de sucre inverti, levain, levure, rhum, sel, émulsifiants, arômes, conservateur : propionate de calcium, gluten de _blé_.|1448|9.5|12.2||7.9|1.2|||||||||||||||||0|blé, oeufs, lait, blé, blé|E282 - Propionate de calcium,E322 - Lécithines,E322i - Lécithine,E471 - Mono- et diglycérides d'acides gras alimentaires,E481 - Stéaroyl-2-lactylate de sodium|
Snacks|Brioches Thomas|Gâche pur beurre et à la crème fraîche|e|Farine de _froment_, _œufs_ frais, _beurre_ 12.6 %, _crème_ fraîche, sucre, sucre inverti, levain, sel de cuisine, arôme. Dorure : _œufs_.|1636|15.9|16.2||8.9|0.9|||||||||||||||||0|froment, œufs, beurre, crème, œufs||
Snacks|Brioches et Viennoiseries Thomas|Brioche de Mariage|e|Farine de _blé_, _œufs_ frais, _beurre_ 14.5 %, sucre, levain, arôme, levure, sel. Décor : sucre.|1757|16|19||9.6|0.86|||||||||||||||||0|blé, œufs, beurre, blé||
Snacks|Brioches et Viennoiseries Thomas|Gâche de Noël|e|Pâte 88 % Farine de BLÉ, _œufs_, frais, sucre, BEURRE 12.4 %, CRÈME fraîche 6.6%, levain, sel, arôme, levure. Éclats de chocolat noir 10 % : masse de cacao, sucre, émulsifiants: lécithines, arôme vanille. Écorces d'oranges 10 % (écorces d'orange, sirop de glucose-fructose, saccharose.|1506|13.4|24.8||7.4|0.659999999999999|||||||||||||||||0|œufs, BLÉ, GLUTEN, BEURRE, BLÉ, SOJA|E322 - Lécithines|
Snacks|Brut de Coques|PopCorn Micro-Ondes goût Caramel|c|Maïs à éclater sans OGM 61 %, huile de palme, dextrose, agent d'enrobage : isomalt, arôme, émulsifiant : lécithines de tournesol, huile de tournesol, édulcorant : sucralose, colorants : extrait de paprika et carotènes mélangés.|1747|17.4|13.2|6.4|6.2|0.01|||||||||||||||||1||E160a - Bêta-carotène,E160c - Extrait de paprika,E322 - Lécithines,E953 - Isomalt,E955 - Sucralose|
Snacks|Carrefour|Briochettes|c|Farine de blé 52.5%, sucre, huile de colza, œufs frais 8.5%, eau, levure, sel, arômes, fibre de pomme de terre, émulsifiants : mono - et diglycérides d'acides gras ; esters monoacétyltartriques et diacétyltatriques des mono et diglycérides d'acides gras, gluten de blé, lait écrémé, rhum, colorant : caroténoïdes, conservateur : propionate de calcium, protéines de lait, protéines de pois, antioxydant : acide ascorbique.|1544|14|12|1.3|7.7|1|||||||||||||||||0|en:eggs,en:gluten,en:milk|E160 - Caroténoïdes,E282 - Propionate de calcium,E300 - Acide ascorbique,E472e - Ester Monoacéthyltartrique de mono- et diglycérides d'acides gras|
Snacks|Carrefour|16 Minis Blinis Extra|d|Farine de blé, lait frais entier, eau, œufs entiers frais 15%, beurre concentré, poudre à lever : diphosphate disodique, carbonate de sodium et amidon de blé, sucre de canne, sel, huile de tournesol.|1149|14|3.4|1.9|6.7|1.8|||||||||||||||||0|blé, crème, lactose, lait, oeufs|E450 - Sels métalliques de diphosphates,E450i - Pyrophosphate de sodium acide,E500 - Carbonates de sodium,E500i - Carbonate de sodium|
Snacks|Carrefour|Barres céréales Chocolat Noir Orange|c|Céréales 44% [céréales de riz et _blé_, céréales au riz enrobées de chocolat [riz, sucre, chocolat, poudre de cacao, poudre de cacao maigre, sel, extrait de malt d'_orge_, arôme naturel], pétales de maïs sucrés, flocons d'_avoine_ 8%], sirop de glucose, sucre inverti, pépites de chocolat noir 8%, écorces d'oranges confites 5%, huile de tournesol, stabilisant : sorbitol, eau, arôme naturel d'orange, émulsifiant : lécithine de _soja_, acidifiant : acide citrique.|1580|6.24|29.8|2.88|4.8|0.337|||||||||||||||||0|blé, blé, blé, blé, orge, orge, avoine, soja, soja|E322 - Lécithines,E322i - Lécithine,E330 - Acide citrique,E420 - Sorbitol,E420i - Sorbitol,E471 - Mono- et diglycérides d'acides gras alimentaires|
Snacks|Carrefour|Barres céréales chocolat noir|c|Céréales 40 % [céréales riz et _blé_, pétales de maïs, flocons d'_avoine_ 10.1 %], chocolat noir 22.1 % [pépites de chocolat noir 15.1 %, morceaux de chocolat noir], sirop de glucose, sucre inverti, stabilisant : sorbitols, huile de tournesol, caramel, humectant : glycérol, cacao maigre en poudre, arôme, eau, sucre, sel, émulsifiant : sucro ester d'acides gras.|1629|9.9|22.5|4.7|6.2|0.45|||||||||||||||||0|blé, blé, blé, blé, orge, avoine, soja|E322 - Lécithines,E420 - Sorbitol,E422 - Glycérol,E442 - Phosphatides d'ammonium,E471 - Mono- et diglycérides d'acides gras alimentaires,E473 - Sucroester|
Snacks|Carrefour|Blinis|c|Eau, farine de blé, huile de colza, fromage frais à 0% de matière grasse, lactose et protéines de lait, oeuf en poudre, levure, sel, sucre, stabilisant : sirop de sorbitol, poudre à lever : bicarbonate de sodium. Peut contenir des traces de soja.|1036|11|2.3|2.2|5.7|1.1|||||||||||||||||0|blé, crème, lactose, lait, oeufs|E420 - Sorbitol,E420ii - Sirop de sorbitol,E500 - Carbonates de sodium,E500ii - Carbonate acide de sodium|
Snacks|Carrefour|Apéro Roll Poivre|e|Laitde vache pasteurisé, jambon cru fumé 30%, crèmepasteurisée, sel, poivre 0.86%, amidon modifié, lactose, conservateur : acide sorbique, acidifiant : acide citrique, ferments lactiques, extrait de romarin.|1144|24|2.1|1|11|2.3|||||||||||||||||0|Lait, crème, lactose, lactiques|E14XX - Amidons modifiés,E200 - Acide sorbique,E202 - Sorbate de potassium,E250 - Nitrite de sodium,E252 - Nitrate de potassium,E301 - Ascorbate de sodium,E330 - Acide citrique,E392 - Extrait de romarin|
Snacks|Carrefour|Apéro Club|d|Soufflés aromatisés emmental : Semoule de maïs, huile de tournesol 25 %, arôme. Soufflés aromatisés bacon : Farine de maïs, huile de tournesol 27 %, farine de riz, farine complète d'_avoine_, farine de _blé_, arôme, sucre, sel, poudre à lever : carbonates de sodium, arômes de fumée. Soufflés salés : Pomme de terre déshydratées, amidon de pomme de terre, huile de tournesol 20 %, sel 2.4 %, arôme naturel de paprika, arôme naturel de curcuma. Soufflés à la cacahuète : Semoule de maïs, cacahuètesgrillées moulues 33 %, huile de tournesol 5.9 %, sel, dextrose, poivre.|2109|25|2.5|3.3|8.1|2.2|||||||||||||||||0|fromages, avoine, blé, blé, sulfites, sulfites, arachides|E500 - Carbonates de sodium,E508 - Chlorure de potassium|
Snacks|Carrefour|Cake Jambon Olives|c|Jambon cuit supérieur 21%_oeufs_ 16.5%, farine de _blé_, huile de colza, _lait_, _emmental_, olives vertes 7.9%, fibres de pousses de bambou, sucre, poudres à lever : diphosphate disodique et carbonate acide de sodium, muscade, poivre|1276|21.7|2.5|3|13.8|1.4|||||||||||||||||0|oeufs, blé, lait, emmental|E202 - Sorbate de potassium,E250 - Nitrite de sodium,E300 - Acide ascorbique,E316 - Erythorbate de sodium,E330 - Acide citrique,E450 - Sels métalliques de diphosphates,E450i - Pyrophosphate de sodium acide,E500 - Carbonates de sodium,E500ii - Carbonate acide de sodium|
Snacks|Carrefour|Barres céréalieres chocolat noir|d|Sirop de glucose, chocolat noir 22%, farine de _blé_ 13%, flocons d'_avoine_ 10.8%, maïs 6.6%, farine de riz 5.6%, huile de palme, stabilisant : sorbitols, dextrose, sucre, sel, extrait de malt d'_orge_, émulsifiants : sucroesters d'acides gras, arôme naturel|1735|11|31|3.6|5.5|0.45|||||||||||||||||1|en:gluten,en:soybeans|E322 - Lécithines,E420 - Sorbitol,E473 - Sucroester|
Snacks|Carrefour|Brioche Tranchée|d|Farine de blé 53%, sucre, eau, beurre concentré 9%, œuf frais 7%, levure, gluten de blé, émulsifiants : mono - et diglycérides d'acides gras et esters monoacétyltartriques et diacétyltartriques des mono - et diglycérides d'acides gras, arômes, sel, fibres de blé, rhum, conservateur : propionate de calcium, colorants : caroténoïdes, antioxydant : acide ascorbique.|1470|11|12|2.1|7.5|0.87|||||||||||||||||0|blé, beurre, beurre, œufs, blé, blé, blé|E160 - Caroténoïdes,E282 - Propionate de calcium,E300 - Acide ascorbique|
Snacks|Carrefour|Assortiment de soufflés|d|soufflé aromatisé emmental : semoule de maïs 71%, huile de tournesol 25%, arômes. soufflé à la tomate : semoule de maïs 49%, cacahuètes grillés moulues 21g, huile de tournesol 18g, pudre de tomate 13.5g, sel, arômes, dextrose, extrait de paprika soufflé à la cacahuète : semoule de maïs 64g, cacahuètes grillés moulus 33g, huile de tournesol 5.9g, sel, dextrose, poivre soufflé à l'oignon : semoule de maïs 64g, huile de tournesol 20%, farine de blé, oignon en poudre 6%, son de blé, lait écrémé en poudre, assaisonnement aromatisé, sel, persil, curcumine|2094|25|4.9|4|10|1.9|||||||||||||||||0||E100 - Curcumine,E160c - Extrait de paprika|
Snacks|Carrefour|Apéro Roll Ail & fines herbes|e|Lait de vache pasteurisé, jambon cru fumé 30%, crème pasteurisée, sel, ail déshydraté 0.63%, amidon modifié, persil déshydraté 0.11%, poivre, lactose, conservateur : acide sorbique, acidifiant : acide citrique, ciboulette déshydratée 0.005%, ferments lactiques, arôme naturel d'ail, extrait de romarin.|1171|25|2.2|1.2|12|2.1|||||||||||||||||0|Lait, crème, lactose, lactiques, Lait, crème, lactose, lactiques|E14XX - Amidons modifiés,E200 - Acide sorbique,E202 - Sorbate de potassium,E250 - Nitrite de sodium,E252 - Nitrate de potassium,E301 - Ascorbate de sodium,E330 - Acide citrique,E392 - Extrait de romarin|
Snacks|Carrefour|Caramels tendres|e|Sirop de glucose, sucre, poudre de _lait_ écrémé, graisse végétale de palme, matière grasse de _lait_ anhydre, dextrose, fleur de sel de Guérande 0.7%, émulsifiant : mono - et diglycérides d'acides gras, arôme naturel de vanille.|1764|13|64||3.3|0.65|||||||||||||||||1|lait, lait||
Snacks|Carrefour|Barres céréales fraise chocolat blanc|c|Céréales 36.5 % [céréales riz et _blé_, flocons d'_avoine_ 13.4 %], sirop de glucose, pépites de chocolat blanc 10 %, pépites de fraises 9.5 % [sirop de fructose-glucose, humectant : glycérol, sucre, purée de fraise concentrée, fibres de _blé_, graisse de palme non hydrogénée, amidon de riz, agent gélifiant : pectine, acidifiants : acide citrique, acide malique, colorants : extraits de végétaux, arôme], sucre inverti, stabilisant : sorbitols, huile de tournesol, humectant : glycérol, caramel, sucre, eau, émulsifiant : sucro ester d'acides gras, sel, arôme.|1648|7.1|28|3.3|4.8|0.44|||||||||||||||||1|blé, blé, blé, blé, avoine, lactose, lait, lait, soja, blé|E296 - Acide malique,E322 - Lécithines,E330 - Acide citrique,E420 - Sorbitol,E422 - Glycérol,E440 - Pectines,E440i - Pectine,E473 - Sucroester|
Snacks|Carrefour|Apéro Roll Echalote et Ciboulette|e|Laitde vache pasteurisé, jambon cru fumé 30%, crème pasteurisée, sel, échalote déshydratée 0.61%, amidon modifié, ciboulette déshydratée 0.3%, poivre, oignon déshydraté, lactose, conservateur: acide sorbique, acidifiant : acide citrique, ferments lactiques.|1111|22|2.3|1.4|12|2|||||||||||||||||0|Lait, crème, lactose, lactiques|E14XX - Amidons modifiés,E200 - Acide sorbique,E202 - Sorbate de potassium,E250 - Nitrite de sodium,E252 - Nitrate de potassium,E301 - Ascorbate de sodium,E330 - Acide citrique|
Snacks|Carrefour|Pain au lait|d|Farine de blé 56%, sucre, œufs frais 12.4%, huile de colza, beurre concentré, émulsifiants : mono - et diglycérides d'acides gras et stéaroyl-2-lactylate de sodium, sel, levure, poudre de lait écrémé 0.9%, gluten de blé, arôme naturel, épaississant : gomme tara, antioxydant : acide ascorbique, arôme naturel, colorant : caroténoïdes. Peut contenir des traces de soja.|1492|12|12|2.2|7.6|1.3|||||||||||||||||0|blé, œufs, beurre, lait, blé, blé, œufs, beurre, lait, blé|E160 - Caroténoïdes,E300 - Acide ascorbique,E417 - Gomme tara|
Snacks|Carrefour|Orangettes Chocolat noir|e|- Lamelles d’écorces d’oranges confites 60% : Lamelles d’écorces d’oranges*, sirop de glucose-fructose de maïs*, sucre de canne*, dextrose de maïs*, correcteur d'acidité : jus de citron*. - Chocolat noir 40%: pâte de cacao*, sucre de canne*, beurre de cacao*, vanille en poudre*. * bio.|1758|15|63|6.6|2.1|0.11|||||||||||||||||0|||
Snacks|Carrefour|Crackers Cocktail|d|Farine de _blé_, huiles végétales, sucre, _emmental_ râpé 2.4 %, poudres à lever : carbonates d'ammonium, phosphates de calcium, carbonates de sodium, sel 1.4 %, farine d'_orge_ maltée, _graines de sésame_ 1.2 %, graines de pavot 0.5 %, sirop de sucre inverti, épices, extrait de levure, thym, arôme naturel, oignon en poudre, extrait de poivre noir.|2140|25|5.5|3|8.2|1.5|||||||||||||||||0|blé, emmental, orge, graines de sésame, blé|E341 - Phosphates de calcium,E500 - Carbonates de sodium,E503 - Carbonates d'ammonium|
Snacks|Carrefour|Orangettes chocolat noir|e|Lamelles d'écorces d'oranges 33%, pâte de cacao, sucre, sirop de glucose fructose, eau, beurre de cacao, émulsifiant : lécithine de soja, correcteur d'acidité : acide citrique, conservateur : sorbate de potassium, arôme naturel de vanille. Chocolat noir: cacao 70% minimum.|1732|16|46|8.1|3.3|0.06|||||||||||||||||0||E202 - Sorbate de potassium,E322 - Lécithines,E322i - Lécithine,E330 - Acide citrique|
Snacks|Carrefour|Raisin & Chocolat au lait|d|Céréales 42% [flocons d'_avoine_ 14%, farine de _blé_ 13.2%, pétales de maïs, farine de riz], sirop de glucose, chocolat au _lait_ 12%, raisins secs 7%, huile de palme, stabilisant : sorbitols, dextrose, sucre, caramel aromatique, sel, arôme, émulsifiant : sucroesters d'acide gras.|1688|9.9|31|4.8|6.7|0.55|||||||||||||||||1|avoine, blé, orge, lait, lait, lait|E420 - Sorbitol,E473 - Sucroester,E524 - Hydroxyde de sodium|
Snacks|Carrefour|Crêpettes|e|Maltodextrine, farine de blé 22%, huile de colza, crème en poudre, Roquefort déshydraté 10%, beurre concentré, graisse de coprah, sirop de glucose, extrait de malt d'orge, sel, extrait de levure, émulsifiant : lécithine de colza, acidifiant : acide citrique, colorants : extrait de paprika et caroténoïdes. Peut contenir des traces de poisson, fruits à coque, oeuf, soja et céleri.|2285|34|14|1.8|9.1|1.6|||||||||||||||||0|blé, crème, Roquefort, orge|E160 - Caroténoïdes,E160c - Extrait de paprika,E322 - Lécithines,E322i - Lécithine,E330 - Acide citrique|
Snacks|Carrefour|Crackers|d|Farine de _blé_, huiles végétales, sucre, poudres à lever : carbonates d'ammonium, phosphates de calcium, carbonates de sodium, sirop de sucre inverti, sel 1.4 %, extrait de malt d'_orge_.|2068|23|7.4|3.2|8.3|1.9|||||||||||||||||0|blé, orge|E341 - Phosphates de calcium,E500 - Carbonates de sodium,E503 - Carbonates d'ammonium|
Snacks|Carrefour|Crackers feuilletés à l'emmental|d|Farine de blé 66%, huiles végétales, emmental râpé 15%, sucre, poudres à lever : carbonates d'ammonium – phosphates de calcium – carbonates de sodium, sel, farine d'orge maltée, sirop de sucre inverti.  Peut contenir des traces de graines de sésame.|2126|25|5|2.6|11|1.6|||||||||||||||||0|blé, emmental, fromage, lait, gluten de blé, lait|E341 - Phosphates de calcium,E500 - Carbonates de sodium,E503 - Carbonates d'ammonium|
Snacks|Carrefour|Mini choux goût chèvre & poivre|e|_Oeufs_ entiers pasteurisés, huile de coprah totalement hydrogénée, huile de colza, huile de coprah, _lactosérum_ en poudre, farine de _blé_, farine de riz, stabilisant : sorbitols, _fromages_, _fromage_ en poudre, amidon de riz, amidon de _blé_, arôme, huile de tournesol, amidon de pomme de terre, sel, poivre noir, graines de pavot, poudres à lever : glucono-delta-lactone et carbonates de sodium, levure, épaississant : gomme xanthane, colorants : curcumine et rocou.|2801|59|4.5|1.7|6.5|1.1|||||||||||||||||0|Oeufs, lactosérum, blé, fromages, fromage, blé, lait|E100 - Curcumine,E160b - Rocou,E415 - Gomme xanthane,E420 - Sorbitol,E500 - Carbonates de sodium,E575 - Glucono-delta-lactone|
Snacks|Carrefour|Crackers au sésame & au pavot|d|Farine de _blé_, huiles végétales, sucre, _graines de sésame_ 4.8%, graines de pavot 2.4%, poudres à lever : phosphates de calcium - carbonates de sodium - carbonates d'ammonium, farine d'_orge_ maltée, sel, sirop de sucre inverti caramélisé, épices, extrait de levure, thym, arôme naturel, oignon en poudre, extrait de poivre noir.|2046|23|6.2|4.4|9.3|1.6|||||||||||||||||0|en:gluten,en:sesame-seeds|E341 - Phosphates de calcium,E500 - Carbonates de sodium,E503 - Carbonates d'ammonium|
Snacks|Carrefour|Triangles feuilletés au cheddar et aux herbes de Provence|e|Farine de _blé_, _beurre_ 30 %, _cheddar_ 9.6 %, amidon modifié de maïs, sel, amidon de pomme de terre, arôme naturel, herbes de Provence 0.7 %, poivre noir, protéine de _lait_, oignon en poudre, ail en poudre, dextrose.|2162|29|1.3|1.4|11|3.1|||||||||||||||||0|blé, beurre, cheddar, lait, lait|E14XX - Amidons modifiés|
Snacks|Carrefour|Pétales salés|d|Pomme de terre déshydratée 52.6%, amidon de pomme de terre, huile de tournesol, sel 2.4%, arôme naturel de paprika, arôme naturel de curcuma|2029|23|0.5|4|3.5|2.4|||||||||||||||||0|sulfites, sulfites||
Snacks|Carrefour|Flûtes tomate olive noir origan|e|Farine de _blé_, _beurre_ 23%, tomate 10%, olives noires 5.2%, levure, sel, origan 1%, arôme, _lait_ écrémé en poudre, piment rouge, farine de malt d'_orge_.|2013|21|2.6|4.1|11|2.1|||||||||||||||||0|blé, beurre, lait, orge||
Snacks|Carrefour|Crackers Emmental |d|Farine de _blé_, huile de tournesol et de colza, _emmental_ râpé déshydraté 17 %, sucre, poudres à lever : phosphate monocalcique, carbonate acide d'ammonium, carbonate acide de sodium, sirop de sucre inverti, sel, farine d'_orge_ maltée, arôme naturel, extrait de levure, _fromage_ en poudre, _lactosérum_ en poudre.|2168|29|6.5|2.7|14|1.5|||||||||||||||||0|blé, emmental, orge, lait, fromage, lactosérum|E341 - Phosphates de calcium,E341i - Phosphate monocalcique,E500 - Carbonates de sodium,E500ii - Carbonate acide de sodium,E503 - Carbonates d'ammonium,E503ii - Carbonate acide d'ammonium|
Snacks|Carrefour|Goûters dorés pocket Carrefour|e|Farine de blé, sucre, graisse et huile de palme, chocolat au lait 12%, arôme), cacao maigre en poudre 4%, oeufs frais, poudre de lait écrémé, pâte de noisettes, arôme, émulsifiant : lécithine de soja, poudre à lever, sel.|2154|27|35|3|6.5|0.635|||||||||||||||||0||E322 - Lécithines,E322i - Lécithine,E450 - Sels métalliques de diphosphates,E450i - Pyrophosphate de sodium acide,E500 - Carbonates de sodium,E500ii - Carbonate acide de sodium|
Snacks|Carrefour|Fantômes|d|Huile de tournesol 23%, flocons de pomme de terre 18%, amidon de blé, farine de blé 15%, amidon de pomme de terre, dextrose, sel 1.7%, chapelure, arôme naturel, sucre, colorant : extrait de paprika, oignon en poudre, fromage fondu en poudre.  Peut contenir des traces d'arachides, de crustacés et d'autres céréales contenant du gluten.|2159|28|5.3|2|4|2.2|||||||||||||||||0|blé, blé, blé, lait, fromage, blé, blé, blé, lait, fromage|E160c - Extrait de paprika,E503 - Carbonates d'ammonium,E503i - Carbonate d'ammonium|
Snacks|Carrefour|Popcorn caramel|d|Caramel 71% [sirop de glucose-fructose, sucre, caramel aromatique au _beurre_ salé], maïs 19%, huile de tournesol, _beurre_, poudre de _lait_ écrémé, _lait_ concentré entier, colorant : caramel de sulfite caustique, sel, émulsifiant : lécithine de tournesol.  |1761|5.3|62|2.4|3.7|0.38|||||||||||||||||0|beurre, beurre, beurre, lait, lait|E150b - Caramel de sulfite caustique,E322 - Lécithines,E322i - Lécithine|
Snacks|Carrefour|Chocolats à la liqueur|e|Sucre, pâte de cacao, cerises à l'alcool 12 %, beurre de cacao, alcool, sirop de glucose de blé, alcoolat de cerise 1 %, matière grasse de _lait_ anhydre, arômes, enzyme : invertase, émulsifiant : lécithine de tournesol, acidifiant : acide citrique.|1788|18|53|3.4|2.4|0|||||||||||||||||0|en:milk|E1103 - Invertase,E322 - Lécithines,E322i - Lécithine,E330 - Acide citrique|
Snacks|Carrefour|Mini-Flûtes |e|Farine de _blé_, _beurre_ 23%, _emmental_ 3.7%, levure, sel, graines de _sésame_ 1.9%, tomate en poudre 0.6%, _lait_ écrémé en poudre, origan 0.3%, farine de malt d'_orge_.|2032|22|3|3.5|12|1.9|||||||||||||||||0|blé, beurre, emmental, sésame, lait, orge||
Snacks|Carrefour|Mini choux goût bleu et noix|e|_œufs_ entiers pasteurisés, huile de coprah totalement hydrogénée, farine de _blé_, huile de colza, _fromages_ fondus en poudre, huile de coprah, farine de riz, stabilisant : sorbitols, _fromages_, amidon de _blé_, arômes, huile de tournesol, amidon de pomme de terre, sel, poudres à lever : glucono-delta-lactone et carbonates de sodium, colorants : rocou et curcumine, émulsifiant : mono et diglycérides d'acides gras, levure, épaississant : gomme xanthane, antioxydant : extrait riche en tocophérols.|2731|56|1.4|1.7|7.4|1.3|||||||||||||||||0|œufs, blé, fromages, fromages, blé, lait|E100 - Curcumine,E160b - Rocou,E306 - Extrait riche en tocophérols,E415 - Gomme xanthane,E420 - Sorbitol,E471 - Mono- et diglycérides d'acides gras alimentaires,E500 - Carbonates de sodium,E575 - Glucono-delta-lactone|
Snacks|Carrefour|Sticks et bretzels|d|Farine de _blé_, sel 3%, huile de tournesol, malt de _blé_, levure, correcteur d'acidité : hydroxyde de sodium|1607|3|2|3.6|11|2.9|||||||||||||||||0|blé, blé|E524 - Hydroxyde de sodium|
Snacks|Carrefour|Maxi Briochettes|d|Farine de _blé_ 55 %, _œufs_ frais 12.5 %, eau, sucre, _beurre_ concentré 5 %, fibre de blé 1.1%, poudre de _lait_ entier, levure, sel, arôme, _gluten de blé_, émulsifiant: mono et diglycérides d'acides gras, antioxydant : acide ascorbique, correcteur d'acidité: glucono-delta-lactone.|1389|8.8|8.3||9.9|1.2|||||||||||||||||0||E300 - Acide ascorbique,E471 - Mono- et diglycérides d'acides gras alimentaires,E575 - Glucono-delta-lactone|
Snacks|Carrefour|Feuilletés aux fromages|e|Farine de _blé_, huiles et graisses végétales, _emmental_ 11 %, _mimolette_ 5.6 %, sel, levure, émulsifiant : mono- et diglycérides d'acides gras, acidifiant : acide citrique, colorants : rocou et bêta-carotène.|2210|30|1.3|3.2|13|3.1|||||||||||||||||1|blé, emmental, mimolette, oeufs|E160a - Bêta-carotène,E160ai - Bêta-carotène,E160b - Rocou,E330 - Acide citrique,E471 - Mono- et diglycérides d'acides gras alimentaires|
Snacks|Carrefour Bio,Carrefour|Assortiment de chocolats|e|Sucre de canne*, pâte de cacao*, noisettes* 9.7%, beurre de cacao*, amandes* 6.8%, lait entier en poudre*, eau, sirops de glucose*, framboises* 0.9%, écorces d'orange* 0.6%, éclats de noisettes grillées* 0.3%, café moulu* 0.1%, amandes entières grillées* 0.1%, fleur de sel de Guérande 0.07%, cranberries séchées* 0.05%, dextrose*, sirop de sucre inverti*, fécule de pomme de terre*, jus de citron*, sel, gélifiant : pectines de fruits, huile de tournesol*, poudre de vanille*.  * Bio Peut contenir des traces d'arachides, de soja, d'autres fruits à coque, de sulfites, de graines de sésame, de gluten et d'œufs.|2222|34|45|5.8|7.4|0.12|||||||||||||||||0|en:milk,en:nuts,en:peanuts|E440 - Pectines|
Snacks|Carrefour Discount|Barres céréalières au chocolat et aux cacahuètes|d|Céréales 36.5%, sirop de glucose,  pépites de chocolat noir 12%, cacahuètes11.5%, graisse végétale de palme, cacahuètes2.7%, stabilisant : sorbitols, cacao maigre, sucre, dextrose, sel, émulsifiant : sucroesters d’acide gras|1807|14.8|28.2|5.7|9.6|0.23|||||||||||||||||1|avoine, blé, soja, arachides, arachides|E322 - Lécithines,E322i - Lécithine,E420 - Sorbitol,E473 - Sucroester|
Snacks|Carrefour Kids,Carrefour|Briochettes Fourrage Goût Chocolat|d|Farine de blé 40%, sucre, sirop de glucose-fructose, eau, huile de colza, œufs frais 5%, chocolat 4.9%, levure, émulsifiants : mono - et diglycérides d'acides gras et stéaroyl-2-lactylate de sodium, noisettes, amidon de maïs, sel, gluten de blé, épaississant : farine de graines de caroube, lait entier en poudre, farine de fève, protéines de lait, protéines de blé, arômes. Peut contenir des traces d'arachides et d'autres fruits à coque.|1482|10|25|2|6.1|0.8|||||||||||||||||0|en:eggs,en:gluten,en:milk,en:nuts,en:soybeans|E322 - Lécithines,E410 - Farine de graines de caroube|
Snacks|Carrefour,Brioches et Viennoiseries Thomas|Gâche aux Éclats de Chocolat Noir|e|Pâte 80% : farine de _blé_, _œufs_ frais, sucre, _beurre_ 12.4 %, _crème_ fraîche 6.6 %, levain, sel marin, arôme, levure. Éclats de chocolat noir 20% : masse de cacao, sucre, émulsifiants : lécithines, arôme vanille.|1653|17.9|22.3||8.1|0.76|||||||||||||||||0|blé, gluten, œufs, beurre, crème, blé, soja|E322 - Lécithines|
Snacks|Carrefour,Envies du monde|Beignets de crevette|b|beignets de crevette 82% : _crevette_ 50%, pâte 50% (eau, fécule de pomme de terre, farine de _blé_, huile de tournesol, poudre à lever : diphosphate disodique et carbonate acide de sodium, sel, épaississants : gomme xanthane et gomme de guar, levure boulangère, farine de fève, gluten de _blé_, farine de _blé_ malté, levure désactivée, glucose. Sauce aigre-douce 18% : eau, sucre, concentré de tomate, amidon modifié de manioc, vinaigre d'alcool, sel, oignon en poudre, arôme naturel de poivron.|1097|17|2.8|1.1|8.5|1.1|||||||||||||||||0|crevette, blé, blé, blé|E14XX - Amidons modifiés,E412 - Gomme de guar,E415 - Gomme xanthane,E450 - Sels métalliques de diphosphates,E450i - Pyrophosphate de sodium acide,E500 - Carbonates de sodium,E500ii - Carbonate acide de sodium|
